time,hip_angle,knee_angle,ankle_angle,hip_torque,knee_torque,ankle_torque
3.8620,-30.0000,124.1680,-39.6372,1.7453,-12.1151,-0.2863
3.8630,-30.0000,124.1718,-39.6371,1.7453,-12.1151,-0.2863
3.8640,-30.0000,124.1755,-39.6371,1.7453,-12.1151,-0.2863
3.8650,-30.0000,124.1793,-39.6371,1.7453,-12.1151,-0.2863
3.8660,-30.0000,124.1830,-39.6371,1.7453,-12.1151,-0.2864
3.8670,-30.0000,124.1867,-39.6371,1.7453,-12.1152,-0.2864
3.8680,-30.0000,124.1904,-39.6371,1.7453,-12.1152,-0.2864
3.8690,-30.0000,124.1941,-39.6371,1.7453,-12.1152,-0.2864
3.8700,-30.0000,124.1978,-39.6370,1.7453,-12.1152,-0.2864
3.8710,-30.0000,124.2015,-39.6370,1.7453,-12.1152,-0.2864
3.8720,-30.0000,124.2051,-39.6370,1.7453,-12.1152,-0.2864
3.8730,-30.0000,124.2088,-39.6370,1.7453,-12.1152,-0.2864
3.8740,-30.0000,124.2124,-39.6370,1.7453,-12.1152,-0.2864
3.8750,-30.0000,124.2160,-39.6370,1.7453,-12.1152,-0.2865
3.8760,-30.0000,124.2197,-39.6369,1.7453,-12.1152,-0.2865
3.8770,-30.0000,124.2233,-39.6369,1.7453,-12.1153,-0.2865
3.8780,-30.0000,124.2269,-39.6369,1.7453,-12.1153,-0.2865
3.8790,-30.0000,124.2305,-39.6369,1.7453,-12.1153,-0.2865
3.8800,-30.0000,124.2340,-39.6369,1.7453,-12.1153,-0.2865
3.8810,-30.0000,124.2376,-39.6369,1.7453,-12.1153,-0.2865
3.8820,-30.0000,124.2412,-39.6368,1.7453,-12.1153,-0.2865
3.8830,-30.0000,124.2447,-39.6368,1.7453,-12.1153,-0.2866
3.8840,-30.0000,124.2482,-39.6368,1.7453,-12.1153,-0.2866
3.8850,-30.0000,124.2517,-39.6368,1.7453,-12.1153,-0.2866
3.8860,-30.0000,124.2553,-39.6368,1.7453,-12.1153,-0.2866
3.8870,-30.0000,124.2588,-39.6368,1.7453,-12.1153,-0.2866
3.8880,-30.0000,124.2623,-39.6367,1.7453,-12.1154,-0.2866
3.8890,-30.0000,124.2657,-39.6367,1.7453,-12.1154,-0.2866
3.8900,-30.0000,124.2692,-39.6367,1.7453,-12.1154,-0.2866
3.8910,-30.0000,124.2727,-39.6367,1.7453,-12.1154,-0.2867
3.8920,-30.0000,124.2761,-39.6367,1.7453,-12.1154,-0.2867
3.8930,-30.0000,124.2795,-39.6367,1.7453,-12.1154,-0.2867
3.8940,-30.0000,124.2830,-39.6367,1.7453,-12.1154,-0.2867
3.8950,-30.0000,124.2864,-39.6366,1.7453,-12.1154,-0.2867
3.8960,-30.0000,124.2898,-39.6366,1.7453,-12.1154,-0.2867
3.8970,-30.0000,124.2932,-39.6366,1.7453,-12.1154,-0.2867
3.8980,-30.0000,124.2966,-39.6366,1.7453,-12.1154,-0.2867
3.8990,-30.0000,124.3000,-39.6366,1.7453,-12.1154,-0.2867
3.9000,-30.0000,124.3033,-39.6366,1.7453,-12.1154,-0.2868
3.9010,-30.0000,124.3067,-39.6365,1.7453,-12.1155,-0.2868
3.9020,-30.0000,124.3100,-39.6365,1.7453,-12.1155,-0.2868
3.9030,-30.0000,124.3134,-39.6365,1.7453,-12.1155,-0.2868
3.9040,-30.0000,124.3167,-39.6365,1.7453,-12.1155,-0.2868
3.9050,-30.0000,124.3200,-39.6365,1.7453,-12.1155,-0.2868
3.9060,-30.0000,124.3233,-39.6365,1.7453,-12.1155,-0.2868
3.9070,-30.0000,124.3266,-39.6364,1.7453,-12.1155,-0.2868
3.9080,-30.0000,124.3299,-39.6364,1.7453,-12.1155,-0.2868
3.9090,-30.0000,124.3332,-39.6364,1.7453,-12.1155,-0.2869
3.9100,-30.0000,124.3365,-39.6364,1.7453,-12.1155,-0.2869
3.9110,-30.0000,124.3397,-39.6364,1.7453,-12.1155,-0.2869
3.9120,-30.0000,124.3430,-39.6364,1.7453,-12.1155,-0.2869
3.9130,-30.0000,124.3462,-39.6364,1.7453,-12.1155,-0.2869
3.9140,-30.0000,124.3494,-39.6363,1.7453,-12.1155,-0.2869
3.9150,-30.0000,124.3527,-39.6363,1.7453,-12.1156,-0.2869
3.9160,-30.0000,124.3559,-39.6363,1.7453,-12.1156,-0.2869
3.9170,-30.0000,124.3591,-39.6363,1.7453,-12.1156,-0.2869
3.9180,-30.0000,124.3623,-39.6363,1.7453,-12.1156,-0.2870
3.9190,-30.0000,124.3654,-39.6363,1.7453,-12.1156,-0.2870
3.9200,-30.0000,124.3686,-39.6362,1.7453,-12.1156,-0.2870
3.9210,-30.0000,124.3718,-39.6362,1.7453,-12.1156,-0.2870
3.9220,-30.0000,124.3749,-39.6362,1.7453,-12.1156,-0.2870
3.9230,-30.0000,124.3781,-39.6362,1.7453,-12.1156,-0.2870
3.9240,-30.0000,124.3812,-39.6362,1.7453,-12.1156,-0.2870
3.9250,-30.0000,124.3843,-39.6362,1.7453,-12.1156,-0.2870
3.9260,-30.0000,124.3875,-39.6361,1.7453,-12.1156,-0.2870
3.9270,-30.0000,124.3906,-39.6361,1.7453,-12.1156,-0.2871
3.9280,-30.0000,124.3937,-39.6361,1.7453,-12.1156,-0.2871
3.9290,-30.0000,124.3968,-39.6361,1.7453,-12.1156,-0.2871
3.9300,-30.0000,124.3998,-39.6361,1.7453,-12.1156,-0.2871
3.9310,-30.0000,124.4029,-39.6361,1.7453,-12.1157,-0.2871
3.9320,-30.0000,124.4060,-39.6361,1.7453,-12.1157,-0.2871
3.9330,-30.0000,124.4090,-39.6360,1.7453,-12.1157,-0.2871
3.9340,-30.0000,124.4121,-39.6360,1.7453,-12.1157,-0.2871
3.9350,-30.0000,124.4151,-39.6360,1.7453,-12.1157,-0.2871
3.9360,-30.0000,124.4181,-39.6360,1.7453,-12.1157,-0.2871
3.9370,-30.0000,124.4211,-39.6360,1.7453,-12.1157,-0.2872
3.9380,-30.0000,124.4241,-39.6360,1.7453,-12.1157,-0.2872
3.9390,-30.0000,124.4271,-39.6359,1.7453,-12.1157,-0.2872
3.9400,-30.0000,124.4301,-39.6359,1.7453,-12.1157,-0.2872
3.9410,-30.0000,124.4331,-39.6359,1.7453,-12.1157,-0.2872
3.9420,-30.0000,124.4361,-39.6359,1.7453,-12.1157,-0.2872
3.9430,-30.0000,124.4390,-39.6359,1.7453,-12.1157,-0.2872
3.9440,-30.0000,124.4420,-39.6359,1.7453,-12.1157,-0.2872
3.9450,-30.0000,124.4449,-39.6359,1.7453,-12.1157,-0.2872
3.9460,-30.0000,124.4479,-39.6358,1.7453,-12.1157,-0.2873
3.9470,-30.0000,124.4508,-39.6358,1.7453,-12.1157,-0.2873
3.9480,-30.0000,124.4537,-39.6358,1.7453,-12.1157,-0.2873
3.9490,-30.0000,124.4566,-39.6358,1.7453,-12.1157,-0.2873
3.9500,-30.0000,124.4595,-39.6358,1.7453,-12.1157,-0.2873
3.9510,-30.0000,124.4624,-39.6358,1.7453,-12.1158,-0.2873
3.9520,-30.0000,124.4653,-39.6358,1.7453,-12.1158,-0.2873
3.9530,-30.0000,124.4682,-39.6357,1.7453,-12.1158,-0.2873
3.9540,-30.0000,124.4710,-39.6357,1.7453,-12.1158,-0.2873
3.9550,-30.0000,124.4739,-39.6357,1.7453,-12.1158,-0.2873
3.9560,-30.0000,124.4767,-39.6357,1.7453,-12.1158,-0.2873
3.9570,-30.0000,124.4796,-39.6357,1.7453,-12.1158,-0.2874
3.9580,-30.0000,124.4824,-39.6357,1.7453,-12.1158,-0.2874
3.9590,-30.0000,124.4852,-39.6357,1.7453,-12.1158,-0.2874
3.9600,-30.0000,124.4880,-39.6356,1.7453,-12.1158,-0.2874
3.9610,-30.0000,124.4909,-39.6356,1.7453,-12.1158,-0.2874
3.9620,-30.0000,124.4937,-39.6356,1.7453,-12.1158,-0.2874
3.9630,-30.0000,124.4964,-39.6356,1.7453,-12.1158,-0.2874
3.9640,-30.0000,124.4992,-39.6356,1.7453,-12.1158,-0.2874
3.9650,-30.0000,124.5020,-39.6356,1.7453,-12.1158,-0.2874
3.9660,-30.0000,124.5048,-39.6355,1.7453,-12.1158,-0.2874
3.9670,-30.0000,124.5075,-39.6355,1.7453,-12.1158,-0.2875
3.9680,-30.0000,124.5103,-39.6355,1.7453,-12.1158,-0.2875
3.9690,-30.0000,124.5130,-39.6355,1.7453,-12.1158,-0.2875
3.9700,-30.0000,124.5157,-39.6355,1.7453,-12.1158,-0.2875
3.9710,-30.0000,124.5185,-39.6355,1.7453,-12.1158,-0.2875
3.9720,-30.0000,124.5212,-39.6355,1.7453,-12.1158,-0.2875
3.9730,-30.0000,124.5239,-39.6354,1.7453,-12.1158,-0.2875
3.9740,-30.0000,124.5266,-39.6354,1.7453,-12.1158,-0.2875
3.9750,-30.0000,124.5293,-39.6354,1.7453,-12.1158,-0.2875
3.9760,-30.0000,124.5320,-39.6354,1.7453,-12.1159,-0.2875
3.9770,-30.0000,124.5346,-39.6354,1.7453,-12.1159,-0.2875
3.9780,-30.0000,124.5373,-39.6354,1.7453,-12.1159,-0.2876
3.9790,-30.0000,124.5400,-39.6354,1.7453,-12.1159,-0.2876
3.9800,-30.0000,124.5426,-39.6353,1.7453,-12.1159,-0.2876
3.9810,-30.0000,124.5453,-39.6353,1.7453,-12.1159,-0.2876
3.9820,-30.0000,124.5479,-39.6353,1.7453,-12.1159,-0.2876
3.9830,-30.0000,124.5505,-39.6353,1.7453,-12.1159,-0.2876
3.9840,-30.0000,124.5531,-39.6353,1.7453,-12.1159,-0.2876
3.9850,-30.0000,124.5558,-39.6353,1.7453,-12.1159,-0.2876
3.9860,-30.0000,124.5584,-39.6353,1.7453,-12.1159,-0.2876
3.9870,-30.0000,124.5610,-39.6352,1.7453,-12.1159,-0.2876
3.9880,-30.0000,124.5635,-39.6352,1.7453,-12.1159,-0.2877
3.9890,-30.0000,124.5661,-39.6352,1.7453,-12.1159,-0.2877
3.9900,-30.0000,124.5687,-39.6352,1.7453,-12.1159,-0.2877
3.9910,-30.0000,124.5713,-39.6352,1.7453,-12.1159,-0.2877
3.9920,-30.0000,124.5738,-39.6352,1.7453,-12.1159,-0.2877
3.9930,-30.0000,124.5764,-39.6352,1.7453,-12.1159,-0.2877
3.9940,-30.0000,124.5789,-39.6352,1.7453,-12.1159,-0.2877
3.9950,-30.0000,124.5814,-39.6351,1.7453,-12.1159,-0.2877
3.9960,-30.0000,124.5840,-39.6351,1.7453,-12.1159,-0.2877
3.9970,-30.0000,124.5865,-39.6351,1.7453,-12.1159,-0.2877
3.9980,-30.0000,124.5890,-39.6351,1.7453,-12.1159,-0.2877
3.9990,-30.0000,124.5915,-39.6351,1.7453,-12.1159,-0.2877
4.0000,-30.0000,124.5940,-39.6351,1.7453,-12.1159,-0.2878
4.0010,-30.0000,124.5965,-39.6351,1.7453,-12.1159,-0.2878
4.0020,-30.0000,124.5990,-39.6350,1.7453,-12.1159,-0.2878
4.0030,-30.0000,124.6015,-39.6350,1.7453,-12.1159,-0.2878
4.0040,-30.0000,124.6039,-39.6350,1.7453,-12.1159,-0.2878
4.0050,-30.0000,124.6064,-39.6350,1.7453,-12.1159,-0.2878
4.0060,-30.0000,124.6088,-39.6350,1.7453,-12.1159,-0.2878
4.0070,-30.0000,124.6113,-39.6350,1.7453,-12.1159,-0.2878
4.0080,-30.0000,124.6137,-39.6350,1.7453,-12.1159,-0.2878
4.0090,-30.0000,124.6162,-39.6349,1.7453,-12.1159,-0.2878
4.0100,-30.0000,124.6186,-39.6349,1.7453,-12.1159,-0.2878
4.0110,-30.0000,124.6210,-39.6349,1.7453,-12.1159,-0.2879
4.0120,-30.0000,124.6234,-39.6349,1.7453,-12.1159,-0.2879
4.0130,-30.0000,124.6258,-39.6349,1.7453,-12.1160,-0.2879
4.0140,-30.0000,124.6282,-39.6349,1.7453,-12.1160,-0.2879
4.0150,-30.0000,124.6306,-39.6349,1.7453,-12.1160,-0.2879
4.0160,-30.0000,124.6330,-39.6349,1.7453,-12.1160,-0.2879
4.0170,-30.0000,124.6353,-39.6348,1.7453,-12.1160,-0.2879
4.0180,-30.0000,124.6377,-39.6348,1.7453,-12.1160,-0.2879
4.0190,-30.0000,124.6401,-39.6348,1.7453,-12.1160,-0.2879
4.0200,-30.0000,124.6424,-39.6348,1.7453,-12.1160,-0.2879
4.0210,-30.0000,124.6448,-39.6348,1.7453,-12.1160,-0.2879
4.0220,-30.0000,124.6471,-39.6348,1.7453,-12.1160,-0.2879
4.0230,-30.0000,124.6494,-39.6348,1.7453,-12.1160,-0.2879
4.0240,-30.0000,124.6518,-39.6347,1.7453,-12.1160,-0.2880
4.0250,-30.0000,124.6541,-39.6347,1.7453,-12.1160,-0.2880
4.0260,-30.0000,124.6564,-39.6347,1.7453,-12.1160,-0.2880
4.0270,-30.0000,124.6587,-39.6347,1.7453,-12.1160,-0.2880
4.0280,-30.0000,124.6610,-39.6347,1.7453,-12.1160,-0.2880
4.0290,-30.0000,124.6633,-39.6347,1.7453,-12.1160,-0.2880
4.0300,-30.0000,124.6656,-39.6347,1.7453,-12.1160,-0.2880
4.0310,-30.0000,124.6678,-39.6347,1.7453,-12.1160,-0.2880
4.0320,-30.0000,124.6701,-39.6346,1.7453,-12.1160,-0.2880
4.0330,-30.0000,124.6724,-39.6346,1.7453,-12.1160,-0.2880
4.0340,-30.0000,124.6746,-39.6346,1.7453,-12.1160,-0.2880
4.0350,-30.0000,124.6769,-39.6346,1.7453,-12.1160,-0.2880
4.0360,-30.0000,124.6791,-39.6346,1.7453,-12.1160,-0.2881
4.0370,-30.0000,124.6814,-39.6346,1.7453,-12.1160,-0.2881
4.0380,-30.0000,124.6836,-39.6346,1.7453,-12.1160,-0.2881
4.0390,-30.0000,124.6858,-39.6346,1.7453,-12.1160,-0.2881
4.0400,-30.0000,124.6880,-39.6345,1.7453,-12.1160,-0.2881
4.0410,-30.0000,124.6902,-39.6345,1.7453,-12.1160,-0.2881
4.0420,-30.0000,124.6924,-39.6345,1.7453,-12.1160,-0.2881
4.0430,-30.0000,124.6946,-39.6345,1.7453,-12.1160,-0.2881
4.0440,-30.0000,124.6968,-39.6345,1.7453,-12.1160,-0.2881
4.0450,-30.0000,124.6990,-39.6345,1.7453,-12.1160,-0.2881
4.0460,-30.0000,124.7012,-39.6345,1.7453,-12.1160,-0.2881
4.0470,-30.0000,124.7033,-39.6345,1.7453,-12.1160,-0.2881
4.0480,-30.0000,124.7055,-39.6344,1.7453,-12.1160,-0.2881
4.0490,-30.0000,124.7077,-39.6344,1.7453,-12.1160,-0.2882
4.0500,-30.0000,124.7098,-39.6344,1.7453,-12.1160,-0.2882
4.0510,-30.0000,124.7120,-39.6344,1.7453,-12.1160,-0.2882
4.0520,-30.0000,124.7141,-39.6344,1.7453,-12.1160,-0.2882
4.0530,-30.0000,124.7162,-39.6344,1.7453,-12.1160,-0.2882
4.0540,-30.0000,124.7184,-39.6344,1.7453,-12.1160,-0.2882
4.0550,-30.0000,124.7205,-39.6344,1.7453,-12.1160,-0.2882
4.0560,-30.0000,124.7226,-39.6343,1.7453,-12.1160,-0.2882
4.0570,-30.0000,124.7247,-39.6343,1.7453,-12.1160,-0.2882
4.0580,-30.0000,124.7268,-39.6343,1.7453,-12.1160,-0.2882
4.0590,-30.0000,124.7289,-39.6343,1.7453,-12.1160,-0.2882
4.0600,-30.0000,124.7310,-39.6343,1.7453,-12.1160,-0.2882
4.0610,-30.0000,124.7330,-39.6343,1.7453,-12.1160,-0.2882
4.0620,-30.0000,124.7351,-39.6343,1.7453,-12.1160,-0.2882
4.0630,-30.0000,124.7372,-39.6343,1.7453,-12.1160,-0.2883
4.0640,-30.0000,124.7393,-39.6342,1.7453,-12.1160,-0.2883
4.0650,-30.0000,124.7413,-39.6342,1.7453,-12.1160,-0.2883
4.0660,-30.0000,124.7434,-39.6342,1.7453,-12.1160,-0.2883
4.0670,-30.0000,124.7454,-39.6342,1.7453,-12.1160,-0.2883
4.0680,-30.0000,124.7474,-39.6342,1.7453,-12.1160,-0.2883
4.0690,-30.0000,124.7495,-39.6342,1.7453,-12.1160,-0.2883
4.0700,-30.0000,124.7515,-39.6342,1.7453,-12.1160,-0.2883
4.0710,-30.0000,124.7535,-39.6342,1.7453,-12.1160,-0.2883
4.0720,-30.0000,124.7555,-39.6341,1.7453,-12.1160,-0.2883
4.0730,-30.0000,124.7575,-39.6341,1.7453,-12.1160,-0.2883
4.0740,-30.0000,124.7595,-39.6341,1.7453,-12.1160,-0.2883
4.0750,-30.0000,124.7615,-39.6341,1.7453,-12.1160,-0.2883
4.0760,-30.0000,124.7635,-39.6341,1.7453,-12.1160,-0.2883
4.0770,-30.0000,124.7655,-39.6341,1.7453,-12.1160,-0.2884
4.0780,-30.0000,124.7675,-39.6341,1.7453,-12.1160,-0.2884
4.0790,-30.0000,124.7695,-39.6341,1.7453,-12.1160,-0.2884
4.0800,-30.0000,124.7714,-39.6341,1.7453,-12.1160,-0.2884
4.0810,-30.0000,124.7734,-39.6340,1.7453,-12.1160,-0.2884
4.0820,-30.0000,124.7753,-39.6340,1.7453,-12.1160,-0.2884
4.0830,-30.0000,124.7773,-39.6340,1.7453,-12.1160,-0.2884
4.0840,-30.0000,124.7792,-39.6340,1.7453,-12.1160,-0.2884
4.0850,-30.0000,124.7812,-39.6340,1.7453,-12.1160,-0.2884
4.0860,-30.0000,124.7831,-39.6340,1.7453,-12.1160,-0.2884
4.0870,-30.0000,124.7850,-39.6340,1.7453,-12.1160,-0.2884
4.0880,-30.0000,124.7869,-39.6340,1.7453,-12.1160,-0.2884
4.0890,-30.0000,124.7888,-39.6340,1.7453,-12.1160,-0.2884
4.0900,-30.0000,124.7908,-39.6339,1.7453,-12.1160,-0.2884
4.0910,-30.0000,124.7927,-39.6339,1.7453,-12.1160,-0.2885
4.0920,-30.0000,124.7946,-39.6339,1.7453,-12.1160,-0.2885
4.0930,-30.0000,124.7964,-39.6339,1.7453,-12.1160,-0.2885
4.0940,-30.0000,124.7983,-39.6339,1.7453,-12.1160,-0.2885
4.0950,-30.0000,124.8002,-39.6339,1.7453,-12.1160,-0.2885
4.0960,-30.0000,124.8021,-39.6339,1.7453,-12.1160,-0.2885
4.0970,-30.0000,124.8039,-39.6339,1.7453,-12.1160,-0.2885
4.0980,-30.0000,124.8058,-39.6339,1.7453,-12.1160,-0.2885
4.0990,-30.0000,124.8077,-39.6338,1.7453,-12.1160,-0.2885
4.1000,-30.0000,124.8095,-39.6338,1.7453,-12.1160,-0.2885
4.1010,-30.0000,124.8114,-39.6338,1.7453,-12.1160,-0.2885
4.1020,-30.0000,124.8132,-39.6338,1.7453,-12.1160,-0.2885
4.1030,-30.0000,124.8150,-39.6338,1.7453,-12.1160,-0.2885
4.1040,-30.0000,124.8169,-39.6338,1.7453,-12.1160,-0.2885
4.1050,-30.0000,124.8187,-39.6338,1.7453,-12.1160,-0.2885
4.1060,-30.0000,124.8205,-39.6338,1.7453,-12.1160,-0.2886
4.1070,-30.0000,124.8223,-39.6338,1.7453,-12.1160,-0.2886
4.1080,-30.0000,124.8241,-39.6337,1.7453,-12.1160,-0.2886
4.1090,-30.0000,124.8259,-39.6337,1.7453,-12.1160,-0.2886
4.1100,-30.0000,124.8277,-39.6337,1.7453,-12.1160,-0.2886
4.1110,-30.0000,124.8295,-39.6337,1.7453,-12.1160,-0.2886
4.1120,-30.0000,124.8313,-39.6337,1.7453,-12.1160,-0.2886
4.1130,-30.0000,124.8331,-39.6337,1.7453,-12.1160,-0.2886
4.1140,-30.0000,124.8349,-39.6337,1.7453,-12.1160,-0.2886
4.1150,-30.0000,124.8366,-39.6337,1.7453,-12.1160,-0.2886
4.1160,-30.0000,124.8384,-39.6337,1.7453,-12.1160,-0.2886
4.1170,-30.0000,124.8402,-39.6336,1.7453,-12.1160,-0.2886
4.1180,-30.0000,124.8419,-39.6336,1.7453,-12.1160,-0.2886
4.1190,-30.0000,124.8437,-39.6336,1.7453,-12.1160,-0.2886
4.1200,-30.0000,124.8454,-39.6336,1.7453,-12.1160,-0.2886
4.1210,-30.0000,124.8471,-39.6336,1.7453,-12.1160,-0.2886
4.1220,-30.0000,124.8489,-39.6336,1.7453,-12.1160,-0.2887
4.1230,-30.0000,124.8506,-39.6336,1.7453,-12.1160,-0.2887
4.1240,-30.0000,124.8523,-39.6336,1.7453,-12.1160,-0.2887
4.1250,-30.0000,124.8540,-39.6336,1.7453,-12.1160,-0.2887
4.1260,-30.0000,124.8558,-39.6336,1.7453,-12.1160,-0.2887
4.1270,-30.0000,124.8575,-39.6335,1.7453,-12.1160,-0.2887
4.1280,-30.0000,124.8592,-39.6335,1.7453,-12.1160,-0.2887
4.1290,-30.0000,124.8609,-39.6335,1.7453,-12.1160,-0.2887
4.1300,-30.0000,124.8626,-39.6335,1.7453,-12.1160,-0.2887
4.1310,-30.0000,124.8642,-39.6335,1.7453,-12.1160,-0.2887
4.1320,-30.0000,124.8659,-39.6335,1.7453,-12.1160,-0.2887
4.1330,-30.0000,124.8676,-39.6335,1.7453,-12.1160,-0.2887
4.1340,-30.0000,124.8693,-39.6335,1.7453,-12.1160,-0.2887
4.1350,-30.0000,124.8709,-39.6335,1.7453,-12.1160,-0.2887
4.1360,-30.0000,124.8726,-39.6334,1.7453,-12.1160,-0.2887
4.1370,-30.0000,124.8743,-39.6334,1.7453,-12.1160,-0.2887
4.1380,-30.0000,124.8759,-39.6334,1.7453,-12.1160,-0.2887
4.1390,-30.0000,124.8776,-39.6334,1.7453,-12.1160,-0.2888
4.1400,-30.0000,124.8792,-39.6334,1.7453,-12.1160,-0.2888
4.1410,-30.0000,124.8808,-39.6334,1.7453,-12.1160,-0.2888
4.1420,-30.0000,124.8825,-39.6334,1.7453,-12.1160,-0.2888
4.1430,-30.0000,124.8841,-39.6334,1.7453,-12.1160,-0.2888
4.1440,-30.0000,124.8857,-39.6334,1.7453,-12.1160,-0.2888
4.1450,-30.0000,124.8873,-39.6334,1.7453,-12.1160,-0.2888
4.1460,-30.0000,124.8890,-39.6333,1.7453,-12.1160,-0.2888
4.1470,-30.0000,124.8906,-39.6333,1.7453,-12.1160,-0.2888
4.1480,-30.0000,124.8922,-39.6333,1.7453,-12.1160,-0.2888
4.1490,-30.0000,124.8938,-39.6333,1.7453,-12.1160,-0.2888
4.1500,-30.0000,124.8954,-39.6333,1.7453,-12.1160,-0.2888
4.1510,-30.0000,124.8969,-39.6333,1.7453,-12.1160,-0.2888
4.1520,-30.0000,124.8985,-39.6333,1.7453,-12.1160,-0.2888
4.1530,-30.0000,124.9001,-39.6333,1.7453,-12.1160,-0.2888
4.1540,-30.0000,124.9017,-39.6333,1.7453,-12.1160,-0.2888
4.1550,-30.0000,124.9033,-39.6333,1.7453,-12.1160,-0.2888
4.1560,-30.0000,124.9048,-39.6333,1.7453,-12.1160,-0.2888
4.1570,-30.0000,124.9064,-39.6332,1.7453,-12.1160,-0.2889
4.1580,-30.0000,124.9079,-39.6332,1.7453,-12.1160,-0.2889
4.1590,-30.0000,124.9095,-39.6332,1.7453,-12.1160,-0.2889
4.1600,-30.0000,124.9110,-39.6332,1.7453,-12.1160,-0.2889
4.1610,-30.0000,124.9126,-39.6332,1.7453,-12.1160,-0.2889
4.1620,-30.0000,124.9141,-39.6332,1.7453,-12.1160,-0.2889
4.1630,-30.0000,124.9156,-39.6332,1.7453,-12.1160,-0.2889
4.1640,-30.0000,124.9172,-39.6332,1.7453,-12.1160,-0.2889
4.1650,-30.0000,124.9187,-39.6332,1.7453,-12.1160,-0.2889
4.1660,-30.0000,124.9202,-39.6332,1.7453,-12.1160,-0.2889
4.1670,-30.0000,124.9217,-39.6331,1.7453,-12.1160,-0.2889
4.1680,-30.0000,124.9232,-39.6331,1.7453,-12.1160,-0.2889
4.1690,-30.0000,124.9247,-39.6331,1.7453,-12.1160,-0.2889
4.1700,-30.0000,124.9262,-39.6331,1.7453,-12.1160,-0.2889
4.1710,-30.0000,124.9277,-39.6331,1.7453,-12.1160,-0.2889
4.1720,-30.0000,124.9292,-39.6331,1.7453,-12.1160,-0.2889
4.1730,-30.0000,124.9307,-39.6331,1.7453,-12.1160,-0.2889
4.1740,-30.0000,124.9322,-39.6331,1.7453,-12.1160,-0.2889
4.1750,-30.0000,124.9337,-39.6331,1.7453,-12.1160,-0.2890
4.1760,-30.0000,124.9352,-39.6331,1.7453,-12.1160,-0.2890
4.1770,-30.0000,124.9366,-39.6331,1.7453,-12.1160,-0.2890
4.1780,-30.0000,124.9381,-39.6330,1.7453,-12.1160,-0.2890
4.1790,-30.0000,124.9396,-39.6330,1.7453,-12.1160,-0.2890
4.1800,-30.0000,124.9410,-39.6330,1.7453,-12.1160,-0.2890
4.1810,-30.0000,124.9425,-39.6330,1.7453,-12.1160,-0.2890
4.1820,-30.0000,124.9439,-39.6330,1.7453,-12.1160,-0.2890
4.1830,-30.0000,124.9454,-39.6330,1.7453,-12.1160,-0.2890
4.1840,-30.0000,124.9468,-39.6330,1.7453,-12.1160,-0.2890
4.1850,-30.0000,124.9482,-39.6330,1.7453,-12.1160,-0.2890
4.1860,-30.0000,124.9497,-39.6330,1.7453,-12.1160,-0.2890
4.1870,-30.0000,124.9511,-39.6330,1.7453,-12.1160,-0.2890
4.1880,-30.0000,124.9525,-39.6330,1.7453,-12.1160,-0.2890
4.1890,-30.0000,124.9539,-39.6329,1.7453,-12.1160,-0.2890
4.1900,-30.0000,124.9553,-39.6329,1.7453,-12.1160,-0.2890
4.1910,-30.0000,124.9568,-39.6329,1.7453,-12.1160,-0.2890
4.1920,-30.0000,124.9582,-39.6329,1.7453,-12.1160,-0.2890
4.1930,-30.0000,124.9596,-39.6329,1.7453,-12.1160,-0.2890
4.1940,-30.0000,124.9610,-39.6329,1.7453,-12.1160,-0.2890
4.1950,-30.0000,124.9623,-39.6329,1.7453,-12.1160,-0.2891
4.1960,-30.0000,124.9637,-39.6329,1.7453,-12.1160,-0.2891
4.1970,-30.0000,124.9651,-39.6329,1.7453,-12.1160,-0.2891
4.1980,-30.0000,124.9665,-39.6329,1.7453,-12.1160,-0.2891
4.1990,-30.0000,124.9679,-39.6329,1.7453,-12.1160,-0.2891
4.2000,-30.0000,124.9692,-39.6329,1.7453,-12.1160,-0.2891
4.2010,-30.0000,124.9706,-39.6328,1.7453,-12.1160,-0.2891
4.2020,-30.0000,124.9720,-39.6328,1.7453,-12.1160,-0.2891
4.2030,-30.0000,124.9733,-39.6328,1.7453,-12.1160,-0.2891
4.2040,-30.0000,124.9747,-39.6328,1.7453,-12.1160,-0.2891
4.2050,-30.0000,124.9760,-39.6328,1.7453,-12.1160,-0.2891
4.2060,-30.0000,124.9774,-39.6328,1.7453,-12.1160,-0.2891
4.2070,-30.0000,124.9787,-39.6328,1.7453,-12.1160,-0.2891
4.2080,-30.0000,124.9801,-39.6328,1.7453,-12.1160,-0.2891
4.2090,-30.0000,124.9814,-39.6328,1.7453,-12.1160,-0.2891
4.2100,-30.0000,124.9827,-39.6328,1.7453,-12.1160,-0.2891
4.2110,-30.0000,124.9841,-39.6328,1.7453,-12.1160,-0.2891
4.2120,-30.0000,124.9854,-39.6327,1.7453,-12.1160,-0.2891
4.2130,-30.0000,124.9867,-39.6327,1.7453,-12.1160,-0.2891
4.2140,-30.0000,124.9880,-39.6327,1.7453,-12.1160,-0.2891
4.2150,-30.0000,124.9893,-39.6327,1.7453,-12.1160,-0.2891
4.2160,-30.0000,124.9906,-39.6327,1.7453,-12.1160,-0.2892
4.2170,-30.0000,124.9920,-39.6327,1.7453,-12.1160,-0.2892
4.2180,-30.0000,124.9933,-39.6327,1.7453,-12.1160,-0.2892
4.2190,-30.0000,124.9945,-39.6327,1.7453,-12.1160,-0.2892
4.2200,-30.0000,124.9958,-39.6327,1.7453,-12.1160,-0.2892
4.2210,-30.0000,124.9971,-39.6327,1.7453,-12.1160,-0.2892
4.2220,-30.0000,124.9984,-39.6327,1.7453,-12.1160,-0.2892
4.2230,-30.0000,124.9997,-39.6327,1.7453,-12.1160,-0.2892
4.2240,-30.0000,125.0010,-39.6327,1.7453,-12.1160,-0.2892
4.2250,-30.0000,125.0022,-39.6326,1.7453,-12.1160,-0.2892
4.2260,-30.0000,125.0035,-39.6326,1.7453,-12.1160,-0.2892
4.2270,-30.0000,125.0048,-39.6326,1.7453,-12.1160,-0.2892
4.2280,-30.0000,125.0060,-39.6326,1.7453,-12.1160,-0.2892
4.2290,-30.0000,125.0073,-39.6326,1.7453,-12.1160,-0.2892
4.2300,-30.0000,125.0086,-39.6326,1.7453,-12.1160,-0.2892
4.2310,-30.0000,125.0098,-39.6326,1.7453,-12.1160,-0.2892
4.2320,-30.0000,125.0110,-39.6326,1.7453,-12.1160,-0.2892
4.2330,-30.0000,125.0123,-39.6326,1.7453,-12.1160,-0.2892
4.2340,-30.0000,125.0135,-39.6326,1.7453,-12.1160,-0.2892
4.2350,-30.0000,125.0148,-39.6326,1.7453,-12.1160,-0.2892
4.2360,-30.0000,125.0160,-39.6326,1.7453,-12.1160,-0.2892
4.2370,-30.0000,125.0172,-39.6325,1.7453,-12.1160,-0.2892
4.2380,-30.0000,125.0184,-39.6325,1.7453,-12.1160,-0.2893
4.2390,-30.0000,125.0197,-39.6325,1.7453,-12.1160,-0.2893
4.2400,-30.0000,125.0209,-39.6325,1.7453,-12.1160,-0.2893
4.2410,-30.0000,125.0221,-39.6325,1.7453,-12.1160,-0.2893
4.2420,-30.0000,125.0233,-39.6325,1.7453,-12.1160,-0.2893
4.2430,-30.0000,125.0245,-39.6325,1.7453,-12.1160,-0.2893
4.2440,-30.0000,125.0257,-39.6325,1.7453,-12.1160,-0.2893
4.2450,-30.0000,125.0269,-39.6325,1.7453,-12.1159,-0.2893
4.2460,-30.0000,125.0281,-39.6325,1.7453,-12.1159,-0.2893
4.2470,-30.0000,125.0293,-39.6325,1.7453,-12.1159,-0.2893
4.2480,-30.0000,125.0305,-39.6325,1.7453,-12.1159,-0.2893
4.2490,-30.0000,125.0317,-39.6325,1.7453,-12.1159,-0.2893
4.2500,-30.0000,125.0329,-39.6324,1.7453,-12.1159,-0.2893
4.2510,-30.0000,125.0340,-39.6324,1.7453,-12.1159,-0.2893
4.2520,-30.0000,125.0352,-39.6324,1.7453,-12.1159,-0.2893
4.2530,-30.0000,125.0364,-39.6324,1.7453,-12.1159,-0.2893
4.2540,-30.0000,125.0375,-39.6324,1.7453,-12.1159,-0.2893
4.2550,-30.0000,125.0387,-39.6324,1.7453,-12.1159,-0.2893
4.2560,-30.0000,125.0399,-39.6324,1.7453,-12.1159,-0.2893
4.2570,-30.0000,125.0410,-39.6324,1.7453,-12.1159,-0.2893
4.2580,-30.0000,125.0422,-39.6324,1.7453,-12.1159,-0.2893
4.2590,-30.0000,125.0433,-39.6324,1.7453,-12.1159,-0.2893
4.2600,-30.0000,125.0445,-39.6324,1.7453,-12.1159,-0.2893
4.2610,-30.0000,125.0456,-39.6324,1.7453,-12.1159,-0.2893
4.2620,-30.0000,125.0468,-39.6324,1.7453,-12.1159,-0.2894
4.2630,-30.0000,125.0479,-39.6324,1.7453,-12.1159,-0.2894
4.2640,-30.0000,125.0490,-39.6323,1.7453,-12.1159,-0.2894
4.2650,-30.0000,125.0502,-39.6323,1.7453,-12.1159,-0.2894
4.2660,-30.0000,125.0513,-39.6323,1.7453,-12.1159,-0.2894
4.2670,-30.0000,125.0524,-39.6323,1.7453,-12.1159,-0.2894
4.2680,-30.0000,125.0535,-39.6323,1.7453,-12.1159,-0.2894
4.2690,-30.0000,125.0546,-39.6323,1.7453,-12.1159,-0.2894
4.2700,-30.0000,125.0557,-39.6323,1.7453,-12.1159,-0.2894
4.2710,-30.0000,125.0569,-39.6323,1.7453,-12.1159,-0.2894
4.2720,-30.0000,125.0580,-39.6323,1.7453,-12.1159,-0.2894
4.2730,-30.0000,125.0591,-39.6323,1.7453,-12.1159,-0.2894
4.2740,-30.0000,125.0602,-39.6323,1.7453,-12.1159,-0.2894
4.2750,-30.0000,125.0613,-39.6323,1.7453,-12.1159,-0.2894
4.2760,-30.0000,125.0623,-39.6323,1.7453,-12.1159,-0.2894
4.2770,-30.0000,125.0634,-39.6323,1.7453,-12.1159,-0.2894
4.2780,-30.0000,125.0645,-39.6322,1.7453,-12.1159,-0.2894
4.2790,-30.0000,125.0656,-39.6322,1.7453,-12.1159,-0.2894
4.2800,-30.0000,125.0667,-39.6322,1.7453,-12.1159,-0.2894
4.2810,-30.0000,125.0678,-39.6322,1.7453,-12.1159,-0.2894
4.2820,-30.0000,125.0688,-39.6322,1.7453,-12.1159,-0.2894
4.2830,-30.0000,125.0699,-39.6322,1.7453,-12.1159,-0.2894
4.2840,-30.0000,125.0710,-39.6322,1.7453,-12.1159,-0.2894
4.2850,-30.0000,125.0720,-39.6322,1.7453,-12.1159,-0.2894
4.2860,-30.0000,125.0731,-39.6322,1.7453,-12.1159,-0.2894
4.2870,-30.0000,125.0741,-39.6322,1.7453,-12.1159,-0.2895
4.2880,-30.0000,125.0752,-39.6322,1.7453,-12.1159,-0.2895
4.2890,-30.0000,125.0763,-39.6322,1.7453,-12.1159,-0.2895
4.2900,-30.0000,125.0773,-39.6322,1.7453,-12.1159,-0.2895
4.2910,-30.0000,125.0783,-39.6322,1.7453,-12.1159,-0.2895
4.2920,-30.0000,125.0794,-39.6322,1.7453,-12.1159,-0.2895
4.2930,-30.0000,125.0804,-39.6321,1.7453,-12.1159,-0.2895
4.2940,-30.0000,125.0815,-39.6321,1.7453,-12.1159,-0.2895
4.2950,-30.0000,125.0825,-39.6321,1.7453,-12.1159,-0.2895
4.2960,-30.0000,125.0835,-39.6321,1.7453,-12.1159,-0.2895
4.2970,-30.0000,125.0845,-39.6321,1.7453,-12.1159,-0.2895
4.2980,-30.0000,125.0856,-39.6321,1.7453,-12.1159,-0.2895
4.2990,-30.0000,125.0866,-39.6321,1.7453,-12.1159,-0.2895
4.3000,-30.0000,125.0876,-39.6321,1.7453,-12.1159,-0.2895
4.3010,-30.0000,125.0886,-39.6321,1.7453,-12.1159,-0.2895
4.3020,-30.0000,125.0896,-39.6321,1.7453,-12.1159,-0.2895
4.3030,-30.0000,125.0906,-39.6321,1.7453,-12.1159,-0.2895
4.3040,-30.0000,125.0916,-39.6321,1.7453,-12.1159,-0.2895
4.3050,-30.0000,125.0926,-39.6321,1.7453,-12.1159,-0.2895
4.3060,-30.0000,125.0936,-39.6321,1.7453,-12.1159,-0.2895
4.3070,-30.0000,125.0946,-39.6321,1.7453,-12.1159,-0.2895
4.3080,-30.0000,125.0956,-39.6320,1.7453,-12.1159,-0.2895
4.3090,-30.0000,125.0966,-39.6320,1.7453,-12.1159,-0.2895
4.3100,-30.0000,125.0976,-39.6320,1.7453,-12.1159,-0.2895
4.3110,-30.0000,125.0986,-39.6320,1.7453,-12.1159,-0.2895
4.3120,-30.0000,125.0996,-39.6320,1.7453,-12.1159,-0.2895
4.3130,-30.0000,125.1005,-39.6320,1.7453,-12.1159,-0.2895
4.3140,-30.0000,125.1015,-39.6320,1.7453,-12.1159,-0.2895
4.3150,-30.0000,125.1025,-39.6320,1.7453,-12.1159,-0.2896
4.3160,-30.0000,125.1035,-39.6320,1.7453,-12.1159,-0.2896
4.3170,-30.0000,125.1044,-39.6320,1.7453,-12.1159,-0.2896
4.3180,-30.0000,125.1054,-39.6320,1.7453,-12.1159,-0.2896
4.3190,-30.0000,125.1063,-39.6320,1.7453,-12.1159,-0.2896
4.3200,-30.0000,125.1073,-39.6320,1.7453,-12.1159,-0.2896
4.3210,-30.0000,125.1083,-39.6320,1.7453,-12.1159,-0.2896
4.3220,-30.0000,125.1092,-39.6320,1.7453,-12.1159,-0.2896
4.3230,-30.0000,125.1102,-39.6320,1.7453,-12.1159,-0.2896
4.3240,-30.0000,125.1111,-39.6319,1.7453,-12.1159,-0.2896
4.3250,-30.0000,125.1120,-39.6319,1.7453,-12.1159,-0.2896
4.3260,-30.0000,125.1130,-39.6319,1.7453,-12.1159,-0.2896
4.3270,-30.0000,125.1139,-39.6319,1.7453,-12.1159,-0.2896
4.3280,-30.0000,125.1149,-39.6319,1.7453,-12.1159,-0.2896
4.3290,-30.0000,125.1158,-39.6319,1.7453,-12.1159,-0.2896
4.3300,-30.0000,125.1167,-39.6319,1.7453,-12.1159,-0.2896
4.3310,-30.0000,125.1176,-39.6319,1.7453,-12.1159,-0.2896
4.3320,-30.0000,125.1186,-39.6319,1.7453,-12.1159,-0.2896
4.3330,-30.0000,125.1195,-39.6319,1.7453,-12.1159,-0.2896
4.3340,-30.0000,125.1204,-39.6319,1.7453,-12.1158,-0.2896
4.3350,-30.0000,125.1213,-39.6319,1.7453,-12.1158,-0.2896
4.3360,-30.0000,125.1222,-39.6319,1.7453,-12.1158,-0.2896
4.3370,-30.0000,125.1231,-39.6319,1.7453,-12.1158,-0.2896
4.3380,-30.0000,125.1241,-39.6319,1.7453,-12.1158,-0.2896
4.3390,-30.0000,125.1250,-39.6319,1.7453,-12.1158,-0.2896
4.3400,-30.0000,125.1259,-39.6318,1.7453,-12.1158,-0.2896
4.3410,-30.0000,125.1268,-39.6318,1.7453,-12.1158,-0.2896
4.3420,-30.0000,125.1277,-39.6318,1.7453,-12.1158,-0.2896
4.3430,-30.0000,125.1285,-39.6318,1.7453,-12.1158,-0.2896
4.3440,-30.0000,125.1294,-39.6318,1.7453,-12.1158,-0.2896
4.3450,-30.0000,125.1303,-39.6318,1.7453,-12.1158,-0.2897
4.3460,-30.0000,125.1312,-39.6318,1.7453,-12.1158,-0.2897
4.3470,-30.0000,125.1321,-39.6318,1.7453,-12.1158,-0.2897
4.3480,-30.0000,125.1330,-39.6318,1.7453,-12.1158,-0.2897
4.3490,-30.0000,125.1339,-39.6318,1.7453,-12.1158,-0.2897
4.3500,-30.0000,125.1347,-39.6318,1.7453,-12.1158,-0.2897
4.3510,-30.0000,125.1356,-39.6318,1.7453,-12.1158,-0.2897
4.3520,-30.0000,125.1365,-39.6318,1.7453,-12.1158,-0.2897
4.3530,-30.0000,125.1373,-39.6318,1.7453,-12.1158,-0.2897
4.3540,-30.0000,125.1382,-39.6318,1.7453,-12.1158,-0.2897
4.3550,-30.0000,125.1391,-39.6318,1.7453,-12.1158,-0.2897
4.3560,-30.0000,125.1399,-39.6318,1.7453,-12.1158,-0.2897
4.3570,-30.0000,125.1408,-39.6318,1.7453,-12.1158,-0.2897
4.3580,-30.0000,125.1416,-39.6317,1.7453,-12.1158,-0.2897
4.3590,-30.0000,125.1425,-39.6317,1.7453,-12.1158,-0.2897
4.3600,-30.0000,125.1433,-39.6317,1.7453,-12.1158,-0.2897
4.3610,-30.0000,125.1442,-39.6317,1.7453,-12.1158,-0.2897
4.3620,-30.0000,125.1450,-39.6317,1.7453,-12.1158,-0.2897
4.3630,-30.0000,125.1459,-39.6317,1.7453,-12.1158,-0.2897
4.3640,-30.0000,125.1467,-39.6317,1.7453,-12.1158,-0.2897
4.3650,-30.0000,125.1475,-39.6317,1.7453,-12.1158,-0.2897
4.3660,-30.0000,125.1484,-39.6317,1.7453,-12.1158,-0.2897
4.3670,-30.0000,125.1492,-39.6317,1.7453,-12.1158,-0.2897
4.3680,-30.0000,125.1500,-39.6317,1.7453,-12.1158,-0.2897
4.3690,-30.0000,125.1509,-39.6317,1.7453,-12.1158,-0.2897
4.3700,-30.0000,125.1517,-39.6317,1.7453,-12.1158,-0.2897
4.3710,-30.0000,125.1525,-39.6317,1.7453,-12.1158,-0.2897
4.3720,-30.0000,125.1533,-39.6317,1.7453,-12.1158,-0.2897
4.3730,-30.0000,125.1541,-39.6317,1.7453,-12.1158,-0.2897
4.3740,-30.0000,125.1550,-39.6317,1.7453,-12.1158,-0.2897
4.3750,-30.0000,125.1558,-39.6317,1.7453,-12.1158,-0.2897
4.3760,-30.0000,125.1566,-39.6316,1.7453,-12.1158,-0.2897
4.3770,-30.0000,125.1574,-39.6316,1.7453,-12.1158,-0.2897
4.3780,-30.0000,125.1582,-39.6316,1.7453,-12.1158,-0.2898
4.3790,-30.0000,125.1590,-39.6316,1.7453,-12.1158,-0.2898
4.3800,-30.0000,125.1598,-39.6316,1.7453,-12.1158,-0.2898
4.3810,-30.0000,125.1606,-39.6316,1.7453,-12.1158,-0.2898
4.3820,-30.0000,125.1614,-39.6316,1.7453,-12.1158,-0.2898
4.3830,-30.0000,125.1622,-39.6316,1.7453,-12.1158,-0.2898
4.3840,-30.0000,125.1630,-39.6316,1.7453,-12.1158,-0.2898
4.3850,-30.0000,125.1638,-39.6316,1.7453,-12.1158,-0.2898
4.3860,-30.0000,125.1645,-39.6316,1.7453,-12.1158,-0.2898
4.3870,-30.0000,125.1653,-39.6316,1.7453,-12.1158,-0.2898
4.3880,-30.0000,125.1661,-39.6316,1.7453,-12.1158,-0.2898
4.3890,-30.0000,125.1669,-39.6316,1.7453,-12.1158,-0.2898
4.3900,-30.0000,125.1677,-39.6316,1.7453,-12.1158,-0.2898
4.3910,-30.0000,125.1684,-39.6316,1.7453,-12.1158,-0.2898
4.3920,-30.0000,125.1692,-39.6316,1.7453,-12.1158,-0.2898
4.3930,-30.0000,125.1700,-39.6316,1.7453,-12.1158,-0.2898
4.3940,-30.0000,125.1707,-39.6316,1.7453,-12.1158,-0.2898
4.3950,-30.0000,125.1715,-39.6316,1.7453,-12.1158,-0.2898
4.3960,-30.0000,125.1723,-39.6315,1.7453,-12.1158,-0.2898
4.3970,-30.0000,125.1730,-39.6315,1.7453,-12.1158,-0.2898
4.3980,-30.0000,125.1738,-39.6315,1.7453,-12.1158,-0.2898
4.3990,-30.0000,125.1745,-39.6315,1.7453,-12.1158,-0.2898
4.4000,-30.0000,125.1753,-39.6315,1.7453,-12.1158,-0.2898
4.4010,-30.0000,125.1760,-39.6315,1.7453,-12.1158,-0.2898
4.4020,-30.0000,125.1768,-39.6315,1.7453,-12.1158,-0.2898
4.4030,-30.0000,125.1775,-39.6315,1.7453,-12.1158,-0.2898
4.4040,-30.0000,125.1783,-39.6315,1.7453,-12.1158,-0.2898
4.4050,-30.0000,125.1790,-39.6315,1.7453,-12.1158,-0.2898
4.4060,-30.0000,125.1798,-39.6315,1.7453,-12.1158,-0.2898
4.4070,-30.0000,125.1805,-39.6315,1.7453,-12.1158,-0.2898
4.4080,-30.0000,125.1812,-39.6315,1.7453,-12.1158,-0.2898
4.4090,-30.0000,125.1820,-39.6315,1.7453,-12.1158,-0.2898
4.4100,-30.0000,125.1827,-39.6315,1.7453,-12.1158,-0.2898
4.4110,-30.0000,125.1834,-39.6315,1.7453,-12.1158,-0.2898
4.4120,-30.0000,125.1841,-39.6315,1.7453,-12.1158,-0.2898
4.4130,-30.0000,125.1849,-39.6315,1.7453,-12.1158,-0.2898
4.4140,-30.0000,125.1856,-39.6315,1.7453,-12.1158,-0.2898
4.4150,-30.0000,125.1863,-39.6315,1.7453,-12.1158,-0.2899
4.4160,-30.0000,125.1870,-39.6314,1.7453,-12.1158,-0.2899
4.4170,-30.0000,125.1877,-39.6314,1.7453,-12.1158,-0.2899
4.4180,-30.0000,125.1885,-39.6314,1.7453,-12.1158,-0.2899
4.4190,-30.0000,125.1892,-39.6314,1.7453,-12.1158,-0.2899
4.4200,-30.0000,125.1899,-39.6314,1.7453,-12.1157,-0.2899
4.4210,-30.0000,125.1906,-39.6314,1.7453,-12.1157,-0.2899
4.4220,-30.0000,125.1913,-39.6314,1.7453,-12.1157,-0.2899
4.4230,-30.0000,125.1920,-39.6314,1.7453,-12.1157,-0.2899
4.4240,-30.0000,125.1927,-39.6314,1.7453,-12.1157,-0.2899
4.4250,-30.0000,125.1934,-39.6314,1.7453,-12.1157,-0.2899
4.4260,-30.0000,125.1941,-39.6314,1.7453,-12.1157,-0.2899
4.4270,-30.0000,125.1948,-39.6314,1.7453,-12.1157,-0.2899
4.4280,-30.0000,125.1955,-39.6314,1.7453,-12.1157,-0.2899
4.4290,-30.0000,125.1962,-39.6314,1.7453,-12.1157,-0.2899
4.4300,-30.0000,125.1969,-39.6314,1.7453,-12.1157,-0.2899
4.4310,-30.0000,125.1975,-39.6314,1.7453,-12.1157,-0.2899
4.4320,-30.0000,125.1982,-39.6314,1.7453,-12.1157,-0.2899
4.4330,-30.0000,125.1989,-39.6314,1.7453,-12.1157,-0.2899
4.4340,-30.0000,125.1996,-39.6314,1.7453,-12.1157,-0.2899
4.4350,-30.0000,125.2003,-39.6314,1.7453,-12.1157,-0.2899
4.4360,-30.0000,125.2009,-39.6314,1.7453,-12.1157,-0.2899
4.4370,-30.0000,125.2016,-39.6314,1.7453,-12.1157,-0.2899
4.4380,-30.0000,125.2023,-39.6313,1.7453,-12.1157,-0.2899
4.4390,-30.0000,125.2030,-39.6313,1.7453,-12.1157,-0.2899
4.4400,-30.0000,125.2036,-39.6313,1.7453,-12.1157,-0.2899
4.4410,-30.0000,125.2043,-39.6313,1.7453,-12.1157,-0.2899
4.4420,-30.0000,125.2050,-39.6313,1.7453,-12.1157,-0.2899
4.4430,-30.0000,125.2056,-39.6313,1.7453,-12.1157,-0.2899
4.4440,-30.0000,125.2063,-39.6313,1.7453,-12.1157,-0.2899
4.4450,-30.0000,125.2069,-39.6313,1.7453,-12.1157,-0.2899
4.4460,-30.0000,125.2076,-39.6313,1.7453,-12.1157,-0.2899
4.4470,-30.0000,125.2082,-39.6313,1.7453,-12.1157,-0.2899
4.4480,-30.0000,125.2089,-39.6313,1.7453,-12.1157,-0.2899
4.4490,-30.0000,125.2095,-39.6313,1.7453,-12.1157,-0.2899
4.4500,-30.0000,125.2102,-39.6313,1.7453,-12.1157,-0.2899
4.4510,-30.0000,125.2108,-39.6313,1.7453,-12.1157,-0.2899
4.4520,-30.0000,125.2115,-39.6313,1.7453,-12.1157,-0.2899
4.4530,-30.0000,125.2121,-39.6313,1.7453,-12.1157,-0.2899
4.4540,-30.0000,125.2128,-39.6313,1.7453,-12.1157,-0.2899
4.4550,-30.0000,125.2134,-39.6313,1.7453,-12.1157,-0.2899
4.4560,-30.0000,125.2140,-39.6313,1.7453,-12.1157,-0.2900
4.4570,-30.0000,125.2147,-39.6313,1.7453,-12.1157,-0.2900
4.4580,-30.0000,125.2153,-39.6313,1.7453,-12.1157,-0.2900
4.4590,-30.0000,125.2159,-39.6313,1.7453,-12.1157,-0.2900
4.4600,-30.0000,125.2166,-39.6313,1.7453,-12.1157,-0.2900
4.4610,-30.0000,125.2172,-39.6313,1.7453,-12.1157,-0.2900
4.4620,-30.0000,125.2178,-39.6312,1.7453,-12.1157,-0.2900
4.4630,-30.0000,125.2184,-39.6312,1.7453,-12.1157,-0.2900
4.4640,-30.0000,125.2191,-39.6312,1.7453,-12.1157,-0.2900
4.4650,-30.0000,125.2197,-39.6312,1.7453,-12.1157,-0.2900
4.4660,-30.0000,125.2203,-39.6312,1.7453,-12.1157,-0.2900
4.4670,-30.0000,125.2209,-39.6312,1.7453,-12.1157,-0.2900
4.4680,-30.0000,125.2215,-39.6312,1.7453,-12.1157,-0.2900
4.4690,-30.0000,125.2221,-39.6312,1.7453,-12.1157,-0.2900
4.4700,-30.0000,125.2228,-39.6312,1.7453,-12.1157,-0.2900
4.4710,-30.0000,125.2234,-39.6312,1.7453,-12.1157,-0.2900
4.4720,-30.0000,125.2240,-39.6312,1.7453,-12.1157,-0.2900
4.4730,-30.0000,125.2246,-39.6312,1.7453,-12.1157,-0.2900
4.4740,-30.0000,125.2252,-39.6312,1.7453,-12.1157,-0.2900
4.4750,-30.0000,125.2258,-39.6312,1.7453,-12.1157,-0.2900
4.4760,-30.0000,125.2264,-39.6312,1.7453,-12.1157,-0.2900
4.4770,-30.0000,125.2270,-39.6312,1.7453,-12.1157,-0.2900
4.4780,-30.0000,125.2276,-39.6312,1.7453,-12.1157,-0.2900
4.4790,-30.0000,125.2282,-39.6312,1.7453,-12.1157,-0.2900
4.4800,-30.0000,125.2288,-39.6312,1.7453,-12.1157,-0.2900
4.4810,-30.0000,125.2293,-39.6312,1.7453,-12.1157,-0.2900
4.4820,-30.0000,125.2299,-39.6312,1.7453,-12.1157,-0.2900
4.4830,-30.0000,125.2305,-39.6312,1.7453,-12.1157,-0.2900
4.4840,-30.0000,125.2311,-39.6312,1.7453,-12.1157,-0.2900
4.4850,-30.0000,125.2317,-39.6312,1.7453,-12.1157,-0.2900
4.4860,-30.0000,125.2323,-39.6312,1.7453,-12.1157,-0.2900
4.4870,-30.0000,125.2329,-39.6311,1.7453,-12.1157,-0.2900
4.4880,-30.0000,125.2334,-39.6311,1.7453,-12.1157,-0.2900
4.4890,-30.0000,125.2340,-39.6311,1.7453,-12.1157,-0.2900
4.4900,-30.0000,125.2346,-39.6311,1.7453,-12.1157,-0.2900
4.4910,-30.0000,125.2352,-39.6311,1.7453,-12.1157,-0.2900
4.4920,-30.0000,125.2357,-39.6311,1.7453,-12.1157,-0.2900
4.4930,-30.0000,125.2363,-39.6311,1.7453,-12.1157,-0.2900
4.4940,-30.0000,125.2369,-39.6311,1.7453,-12.1157,-0.2900
4.4950,-30.0000,125.2374,-39.6311,1.7453,-12.1157,-0.2900
4.4960,-30.0000,125.2380,-39.6311,1.7453,-12.1157,-0.2900
4.4970,-30.0000,125.2386,-39.6311,1.7453,-12.1157,-0.2900
4.4980,-30.0000,125.2391,-39.6311,1.7453,-12.1157,-0.2900
4.4990,-30.0000,125.2397,-39.6311,1.7453,-12.1157,-0.2900
4.5000,-30.0000,125.2402,-39.6311,1.7453,-12.1157,-0.2900
4.5010,-30.0000,125.2408,-39.6311,1.7453,-12.1157,-0.2900
4.5020,-30.0000,125.2413,-39.6311,1.7453,-12.1157,-0.2900
4.5030,-30.0000,125.2419,-39.6311,1.7453,-12.1157,-0.2901
4.5040,-30.0000,125.2424,-39.6311,1.7453,-12.1157,-0.2901
4.5050,-30.0000,125.2430,-39.6311,1.7453,-12.1157,-0.2901
4.5060,-30.0000,125.2435,-39.6311,1.7453,-12.1157,-0.2901
4.5070,-30.0000,125.2441,-39.6311,1.7453,-12.1157,-0.2901
4.5080,-30.0000,125.2446,-39.6311,1.7453,-12.1157,-0.2901
4.5090,-30.0000,125.2452,-39.6311,1.7453,-12.1157,-0.2901
4.5100,-30.0000,125.2457,-39.6311,1.7453,-12.1157,-0.2901
4.5110,-30.0000,125.2463,-39.6311,1.7453,-12.1157,-0.2901
4.5120,-30.0000,125.2468,-39.6311,1.7453,-12.1157,-0.2901
4.5130,-30.0000,125.2473,-39.6311,1.7453,-12.1157,-0.2901
4.5140,-30.0000,125.2479,-39.6310,1.7453,-12.1157,-0.2901
4.5150,-30.0000,125.2484,-39.6310,1.7453,-12.1156,-0.2901
4.5160,-30.0000,125.2489,-39.6310,1.7453,-12.1156,-0.2901
4.5170,-30.0000,125.2495,-39.6310,1.7453,-12.1156,-0.2901
4.5180,-30.0000,125.2500,-39.6310,1.7453,-12.1156,-0.2901
4.5190,-30.0000,125.2505,-39.6310,1.7453,-12.1156,-0.2901
4.5200,-30.0000,125.2510,-39.6310,1.7453,-12.1156,-0.2901
4.5210,-30.0000,125.2516,-39.6310,1.7453,-12.1156,-0.2901
4.5220,-30.0000,125.2521,-39.6310,1.7453,-12.1156,-0.2901
4.5230,-30.0000,125.2526,-39.6310,1.7453,-12.1156,-0.2901
4.5240,-30.0000,125.2531,-39.6310,1.7453,-12.1156,-0.2901
4.5250,-30.0000,125.2536,-39.6310,1.7453,-12.1156,-0.2901
4.5260,-30.0000,125.2542,-39.6310,1.7453,-12.1156,-0.2901
4.5270,-30.0000,125.2547,-39.6310,1.7453,-12.1156,-0.2901
4.5280,-30.0000,125.2552,-39.6310,1.7453,-12.1156,-0.2901
4.5290,-30.0000,125.2557,-39.6310,1.7453,-12.1156,-0.2901
4.5300,-30.0000,125.2562,-39.6310,1.7453,-12.1156,-0.2901
4.5310,-30.0000,125.2567,-39.6310,1.7453,-12.1156,-0.2901
4.5320,-30.0000,125.2572,-39.6310,1.7453,-12.1156,-0.2901
4.5330,-30.0000,125.2577,-39.6310,1.7453,-12.1156,-0.2901
4.5340,-30.0000,125.2582,-39.6310,1.7453,-12.1156,-0.2901
4.5350,-30.0000,125.2587,-39.6310,1.7453,-12.1156,-0.2901
4.5360,-30.0000,125.2592,-39.6310,1.7453,-12.1156,-0.2901
4.5370,-30.0000,125.2597,-39.6310,1.7453,-12.1156,-0.2901
4.5380,-30.0000,125.2602,-39.6310,1.7453,-12.1156,-0.2901
4.5390,-30.0000,125.2607,-39.6310,1.7453,-12.1156,-0.2901
4.5400,-30.0000,125.2612,-39.6310,1.7453,-12.1156,-0.2901
4.5410,-30.0000,125.2617,-39.6310,1.7453,-12.1156,-0.2901
4.5420,-30.0000,125.2622,-39.6310,1.7453,-12.1156,-0.2901
4.5430,-30.0000,125.2627,-39.6309,1.7453,-12.1156,-0.2901
4.5440,-30.0000,125.2632,-39.6309,1.7453,-12.1156,-0.2901
4.5450,-30.0000,125.2637,-39.6309,1.7453,-12.1156,-0.2901
4.5460,-30.0000,125.2642,-39.6309,1.7453,-12.1156,-0.2901
4.5470,-30.0000,125.2646,-39.6309,1.7453,-12.1156,-0.2901
4.5480,-30.0000,125.2651,-39.6309,1.7453,-12.1156,-0.2901
4.5490,-30.0000,125.2656,-39.6309,1.7453,-12.1156,-0.2901
4.5500,-30.0000,125.2661,-39.6309,1.7453,-12.1156,-0.2901
4.5510,-30.0000,125.2666,-39.6309,1.7453,-12.1156,-0.2901
4.5520,-30.0000,125.2670,-39.6309,1.7453,-12.1156,-0.2901
4.5530,-30.0000,125.2675,-39.6309,1.7453,-12.1156,-0.2901
4.5540,-30.0000,125.2680,-39.6309,1.7453,-12.1156,-0.2901
4.5550,-30.0000,125.2685,-39.6309,1.7453,-12.1156,-0.2901
4.5560,-30.0000,125.2689,-39.6309,1.7453,-12.1156,-0.2901
4.5570,-30.0000,125.2694,-39.6309,1.7453,-12.1156,-0.2901
4.5580,-30.0000,125.2699,-39.6309,1.7453,-12.1156,-0.2902
4.5590,-30.0000,125.2703,-39.6309,1.7453,-12.1156,-0.2902
4.5600,-30.0000,125.2708,-39.6309,1.7453,-12.1156,-0.2902
4.5610,-30.0000,125.2713,-39.6309,1.7453,-12.1156,-0.2902
4.5620,-30.0000,125.2717,-39.6309,1.7453,-12.1156,-0.2902
4.5630,-30.0000,125.2722,-39.6309,1.7453,-12.1156,-0.2902
4.5640,-30.0000,125.2727,-39.6309,1.7453,-12.1156,-0.2902
4.5650,-30.0000,125.2731,-39.6309,1.7453,-12.1156,-0.2902
4.5660,-30.0000,125.2736,-39.6309,1.7453,-12.1156,-0.2902
4.5670,-30.0000,125.2740,-39.6309,1.7453,-12.1156,-0.2902
4.5680,-30.0000,125.2745,-39.6309,1.7453,-12.1156,-0.2902
4.5690,-30.0000,125.2749,-39.6309,1.7453,-12.1156,-0.2902
4.5700,-30.0000,125.2754,-39.6309,1.7453,-12.1156,-0.2902
4.5710,-30.0000,125.2758,-39.6309,1.7453,-12.1156,-0.2902
4.5720,-30.0000,125.2763,-39.6309,1.7453,-12.1156,-0.2902
4.5730,-30.0000,125.2767,-39.6309,1.7453,-12.1156,-0.2902
4.5740,-30.0000,125.2772,-39.6309,1.7453,-12.1156,-0.2902
4.5750,-30.0000,125.2776,-39.6308,1.7453,-12.1156,-0.2902
4.5760,-30.0000,125.2781,-39.6308,1.7453,-12.1156,-0.2902
4.5770,-30.0000,125.2785,-39.6308,1.7453,-12.1156,-0.2902
4.5780,-30.0000,125.2790,-39.6308,1.7453,-12.1156,-0.2902
4.5790,-30.0000,125.2794,-39.6308,1.7453,-12.1156,-0.2902
4.5800,-30.0000,125.2798,-39.6308,1.7453,-12.1156,-0.2902
4.5810,-30.0000,125.2803,-39.6308,1.7453,-12.1156,-0.2902
4.5820,-30.0000,125.2807,-39.6308,1.7453,-12.1156,-0.2902
4.5830,-30.0000,125.2811,-39.6308,1.7453,-12.1156,-0.2902
4.5840,-30.0000,125.2816,-39.6308,1.7453,-12.1156,-0.2902
4.5850,-30.0000,125.2820,-39.6308,1.7453,-12.1156,-0.2902
4.5860,-30.0000,125.2824,-39.6308,1.7453,-12.1156,-0.2902
4.5870,-30.0000,125.2829,-39.6308,1.7453,-12.1156,-0.2902
4.5880,-30.0000,125.2833,-39.6308,1.7453,-12.1156,-0.2902
4.5890,-30.0000,125.2837,-39.6308,1.7453,-12.1156,-0.2902
4.5900,-30.0000,125.2842,-39.6308,1.7453,-12.1156,-0.2902
4.5910,-30.0000,125.2846,-39.6308,1.7453,-12.1156,-0.2902
4.5920,-30.0000,125.2850,-39.6308,1.7453,-12.1156,-0.2902
4.5930,-30.0000,125.2854,-39.6308,1.7453,-12.1156,-0.2902
4.5940,-30.0000,125.2858,-39.6308,1.7453,-12.1156,-0.2902
4.5950,-30.0000,125.2863,-39.6308,1.7453,-12.1156,-0.2902
4.5960,-30.0000,125.2867,-39.6308,1.7453,-12.1156,-0.2902
4.5970,-30.0000,125.2871,-39.6308,1.7453,-12.1156,-0.2902
4.5980,-30.0000,125.2875,-39.6308,1.7453,-12.1156,-0.2902
4.5990,-30.0000,125.2879,-39.6308,1.7453,-12.1156,-0.2902
4.6000,-30.0000,125.2883,-39.6308,1.7453,-12.1156,-0.2902
4.6010,-30.0000,125.2887,-39.6308,1.7453,-12.1156,-0.2902
4.6020,-30.0000,125.2892,-39.6308,1.7453,-12.1156,-0.2902
4.6030,-30.0000,125.2896,-39.6308,1.7453,-12.1156,-0.2902
4.6040,-30.0000,125.2900,-39.6308,1.7453,-12.1156,-0.2902
4.6050,-30.0000,125.2904,-39.6308,1.7453,-12.1156,-0.2902
4.6060,-30.0000,125.2908,-39.6308,1.7453,-12.1156,-0.2902
4.6070,-30.0000,125.2912,-39.6308,1.7453,-12.1156,-0.2902
4.6080,-30.0000,125.2916,-39.6308,1.7453,-12.1156,-0.2902
4.6090,-30.0000,125.2920,-39.6308,1.7453,-12.1156,-0.2902
4.6100,-30.0000,125.2924,-39.6308,1.7453,-12.1156,-0.2902
4.6110,-30.0000,125.2928,-39.6307,1.7453,-12.1156,-0.2902
4.6120,-30.0000,125.2932,-39.6307,1.7453,-12.1156,-0.2902
4.6130,-30.0000,125.2936,-39.6307,1.7453,-12.1156,-0.2902
4.6140,-30.0000,125.2940,-39.6307,1.7453,-12.1156,-0.2902
4.6150,-30.0000,125.2944,-39.6307,1.7453,-12.1156,-0.2902
4.6160,-30.0000,125.2948,-39.6307,1.7453,-12.1156,-0.2902
4.6170,-30.0000,125.2952,-39.6307,1.7453,-12.1156,-0.2902
4.6180,-30.0000,125.2956,-39.6307,1.7453,-12.1156,-0.2902
4.6190,-30.0000,125.2960,-39.6307,1.7453,-12.1156,-0.2902
4.6200,-30.0000,125.2963,-39.6307,1.7453,-12.1156,-0.2902
4.6210,-30.0000,125.2967,-39.6307,1.7453,-12.1156,-0.2902
4.6220,-30.0000,125.2971,-39.6307,1.7453,-12.1156,-0.2902
4.6230,-30.0000,125.2975,-39.6307,1.7453,-12.1156,-0.2902
4.6240,-30.0000,125.2979,-39.6307,1.7453,-12.1156,-0.2903
4.6250,-30.0000,125.2983,-39.6307,1.7453,-12.1156,-0.2903
4.6260,-30.0000,125.2987,-39.6307,1.7453,-12.1156,-0.2903
4.6270,-30.0000,125.2990,-39.6307,1.7453,-12.1156,-0.2903
4.6280,-30.0000,125.2994,-39.6307,1.7453,-12.1156,-0.2903
4.6290,-30.0000,125.2998,-39.6307,1.7453,-12.1155,-0.2903
4.6300,-30.0000,125.3002,-39.6307,1.7453,-12.1155,-0.2903
4.6310,-30.0000,125.3005,-39.6307,1.7453,-12.1155,-0.2903
4.6320,-30.0000,125.3009,-39.6307,1.7453,-12.1155,-0.2903
4.6330,-30.0000,125.3013,-39.6307,1.7453,-12.1155,-0.2903
4.6340,-30.0000,125.3017,-39.6307,1.7453,-12.1155,-0.2903
4.6350,-30.0000,125.3020,-39.6307,1.7453,-12.1155,-0.2903
4.6360,-30.0000,125.3024,-39.6307,1.7453,-12.1155,-0.2903
4.6370,-30.0000,125.3028,-39.6307,1.7453,-12.1155,-0.2903
4.6380,-30.0000,125.3031,-39.6307,1.7453,-12.1155,-0.2903
4.6390,-30.0000,125.3035,-39.6307,1.7453,-12.1155,-0.2903
4.6400,-30.0000,125.3039,-39.6307,1.7453,-12.1155,-0.2903
4.6410,-30.0000,125.3042,-39.6307,1.7453,-12.1155,-0.2903
4.6420,-30.0000,125.3046,-39.6307,1.7453,-12.1155,-0.2903
4.6430,-30.0000,125.3050,-39.6307,1.7453,-12.1155,-0.2903
4.6440,-30.0000,125.3053,-39.6307,1.7453,-12.1155,-0.2903
4.6450,-30.0000,125.3057,-39.6307,1.7453,-12.1155,-0.2903
4.6460,-30.0000,125.3061,-39.6307,1.7453,-12.1155,-0.2903
4.6470,-30.0000,125.3064,-39.6307,1.7453,-12.1155,-0.2903
4.6480,-30.0000,125.3068,-39.6307,1.7453,-12.1155,-0.2903
4.6490,-30.0000,125.3071,-39.6307,1.7453,-12.1155,-0.2903
4.6500,-30.0000,125.3075,-39.6307,1.7453,-12.1155,-0.2903
4.6510,-30.0000,125.3078,-39.6306,1.7453,-12.1155,-0.2903
4.6520,-30.0000,125.3082,-39.6306,1.7453,-12.1155,-0.2903
4.6530,-30.0000,125.3085,-39.6306,1.7453,-12.1155,-0.2903
4.6540,-30.0000,125.3089,-39.6306,1.7453,-12.1155,-0.2903
4.6550,-30.0000,125.3092,-39.6306,1.7453,-12.1155,-0.2903
4.6560,-30.0000,125.3096,-39.6306,1.7453,-12.1155,-0.2903
4.6570,-30.0000,125.3099,-39.6306,1.7453,-12.1155,-0.2903
4.6580,-30.0000,125.3103,-39.6306,1.7453,-12.1155,-0.2903
4.6590,-30.0000,125.3106,-39.6306,1.7453,-12.1155,-0.2903
4.6600,-30.0000,125.3110,-39.6306,1.7453,-12.1155,-0.2903
4.6610,-30.0000,125.3113,-39.6306,1.7453,-12.1155,-0.2903
4.6620,-30.0000,125.3117,-39.6306,1.7453,-12.1155,-0.2903
4.6630,-30.0000,125.3120,-39.6306,1.7453,-12.1155,-0.2903
4.6640,-30.0000,125.3124,-39.6306,1.7453,-12.1155,-0.2903
4.6650,-30.0000,125.3127,-39.6306,1.7453,-12.1155,-0.2903
4.6660,-30.0000,125.3130,-39.6306,1.7453,-12.1155,-0.2903
4.6670,-30.0000,125.3134,-39.6306,1.7453,-12.1155,-0.2903
4.6680,-30.0000,125.3137,-39.6306,1.7453,-12.1155,-0.2903
4.6690,-30.0000,125.3140,-39.6306,1.7453,-12.1155,-0.2903
4.6700,-30.0000,125.3144,-39.6306,1.7453,-12.1155,-0.2903
4.6710,-30.0000,125.3147,-39.6306,1.7453,-12.1155,-0.2903
4.6720,-30.0000,125.3150,-39.6306,1.7453,-12.1155,-0.2903
4.6730,-30.0000,125.3154,-39.6306,1.7453,-12.1155,-0.2903
4.6740,-30.0000,125.3157,-39.6306,1.7453,-12.1155,-0.2903
4.6750,-30.0000,125.3160,-39.6306,1.7453,-12.1155,-0.2903
4.6760,-30.0000,125.3164,-39.6306,1.7453,-12.1155,-0.2903
4.6770,-30.0000,125.3167,-39.6306,1.7453,-12.1155,-0.2903
4.6780,-30.0000,125.3170,-39.6306,1.7453,-12.1155,-0.2903
4.6790,-30.0000,125.3173,-39.6306,1.7453,-12.1155,-0.2903
4.6800,-30.0000,125.3177,-39.6306,1.7453,-12.1155,-0.2903
4.6810,-30.0000,125.3180,-39.6306,1.7453,-12.1155,-0.2903
4.6820,-30.0000,125.3183,-39.6306,1.7453,-12.1155,-0.2903
4.6830,-30.0000,125.3186,-39.6306,1.7453,-12.1155,-0.2903
4.6840,-30.0000,125.3190,-39.6306,1.7453,-12.1155,-0.2903
4.6850,-30.0000,125.3193,-39.6306,1.7453,-12.1155,-0.2903
4.6860,-30.0000,125.3196,-39.6306,1.7453,-12.1155,-0.2903
4.6870,-30.0000,125.3199,-39.6306,1.7453,-12.1155,-0.2903
4.6880,-30.0000,125.3202,-39.6306,1.7453,-12.1155,-0.2903
4.6890,-30.0000,125.3205,-39.6306,1.7453,-12.1155,-0.2903
4.6900,-30.0000,125.3209,-39.6306,1.7453,-12.1155,-0.2903
4.6910,-30.0000,125.3212,-39.6306,1.7453,-12.1155,-0.2903
4.6920,-30.0000,125.3215,-39.6306,1.7453,-12.1155,-0.2903
4.6930,-30.0000,125.3218,-39.6306,1.7453,-12.1155,-0.2903
4.6940,-30.0000,125.3221,-39.6306,1.7453,-12.1155,-0.2903
4.6950,-30.0000,125.3224,-39.6306,1.7453,-12.1155,-0.2903
4.6960,-30.0000,125.3227,-39.6305,1.7453,-12.1155,-0.2903
4.6970,-30.0000,125.3230,-39.6305,1.7453,-12.1155,-0.2903
4.6980,-30.0000,125.3234,-39.6305,1.7453,-12.1155,-0.2903
4.6990,-30.0000,125.3237,-39.6305,1.7453,-12.1155,-0.2903
4.7000,-30.0000,125.3240,-39.6305,1.7453,-12.1155,-0.2903
4.7010,-30.0000,125.3243,-39.6305,1.7453,-12.1155,-0.2903
4.7020,-30.0000,125.3246,-39.6305,1.7453,-12.1155,-0.2903
4.7030,-30.0000,125.3249,-39.6305,1.7453,-12.1155,-0.2903
4.7040,-30.0000,125.3252,-39.6305,1.7453,-12.1155,-0.2903
4.7050,-30.0000,125.3255,-39.6305,1.7453,-12.1155,-0.2903
4.7060,-30.0000,125.3258,-39.6305,1.7453,-12.1155,-0.2904
4.7070,-30.0000,125.3261,-39.6305,1.7453,-12.1155,-0.2904
4.7080,-30.0000,125.3264,-39.6305,1.7453,-12.1155,-0.2904
4.7090,-30.0000,125.3267,-39.6305,1.7453,-12.1155,-0.2904
4.7100,-30.0000,125.3270,-39.6305,1.7453,-12.1155,-0.2904
4.7110,-30.0000,125.3273,-39.6305,1.7453,-12.1155,-0.2904
4.7120,-30.0000,125.3276,-39.6305,1.7453,-12.1155,-0.2904
4.7130,-30.0000,125.3279,-39.6305,1.7453,-12.1155,-0.2904
4.7140,-30.0000,125.3282,-39.6305,1.7453,-12.1155,-0.2904
4.7150,-30.0000,125.3284,-39.6305,1.7453,-12.1155,-0.2904
4.7160,-30.0000,125.3287,-39.6305,1.7453,-12.1155,-0.2904
4.7170,-30.0000,125.3290,-39.6305,1.7453,-12.1155,-0.2904
4.7180,-30.0000,125.3293,-39.6305,1.7453,-12.1155,-0.2904
4.7190,-30.0000,125.3296,-39.6305,1.7453,-12.1155,-0.2904
4.7200,-30.0000,125.3299,-39.6305,1.7453,-12.1155,-0.2904
4.7210,-30.0000,125.3302,-39.6305,1.7453,-12.1155,-0.2904
4.7220,-30.0000,125.3305,-39.6305,1.7453,-12.1155,-0.2904
4.7230,-30.0000,125.3308,-39.6305,1.7453,-12.1155,-0.2904
4.7240,-30.0000,125.3310,-39.6305,1.7453,-12.1155,-0.2904
4.7250,-30.0000,125.3313,-39.6305,1.7453,-12.1155,-0.2904
4.7260,-30.0000,125.3316,-39.6305,1.7453,-12.1155,-0.2904
4.7270,-30.0000,125.3319,-39.6305,1.7453,-12.1155,-0.2904
4.7280,-30.0000,125.3322,-39.6305,1.7453,-12.1155,-0.2904
4.7290,-30.0000,125.3324,-39.6305,1.7453,-12.1155,-0.2904
4.7300,-30.0000,125.3327,-39.6305,1.7453,-12.1155,-0.2904
4.7310,-30.0000,125.3330,-39.6305,1.7453,-12.1155,-0.2904
4.7320,-30.0000,125.3333,-39.6305,1.7453,-12.1155,-0.2904
4.7330,-30.0000,125.3336,-39.6305,1.7453,-12.1155,-0.2904
4.7340,-30.0000,125.3338,-39.6305,1.7453,-12.1155,-0.2904
4.7350,-30.0000,125.3341,-39.6305,1.7453,-12.1155,-0.2904
4.7360,-30.0000,125.3344,-39.6305,1.7453,-12.1155,-0.2904
4.7370,-30.0000,125.3347,-39.6305,1.7453,-12.1155,-0.2904
4.7380,-30.0000,125.3349,-39.6305,1.7453,-12.1155,-0.2904
4.7390,-30.0000,125.3352,-39.6305,1.7453,-12.1155,-0.2904
4.7400,-30.0000,125.3355,-39.6305,1.7453,-12.1155,-0.2904
4.7410,-30.0000,125.3357,-39.6305,1.7453,-12.1155,-0.2904
4.7420,-30.0000,125.3360,-39.6305,1.7453,-12.1155,-0.2904
4.7430,-30.0000,125.3363,-39.6305,1.7453,-12.1155,-0.2904
4.7440,-30.0000,125.3366,-39.6305,1.7453,-12.1155,-0.2904
4.7450,-30.0000,125.3368,-39.6305,1.7453,-12.1155,-0.2904
4.7460,-30.0000,125.3371,-39.6305,1.7453,-12.1155,-0.2904
4.7470,-30.0000,125.3374,-39.6305,1.7453,-12.1155,-0.2904
4.7480,-30.0000,125.3376,-39.6304,1.7453,-12.1155,-0.2904
4.7490,-30.0000,125.3379,-39.6304,1.7453,-12.1155,-0.2904
4.7500,-30.0000,125.3381,-39.6304,1.7453,-12.1155,-0.2904
4.7510,-30.0000,125.3384,-39.6304,1.7453,-12.1155,-0.2904
4.7520,-30.0000,125.3387,-39.6304,1.7453,-12.1155,-0.2904
4.7530,-30.0000,125.3389,-39.6304,1.7453,-12.1155,-0.2904
4.7540,-30.0000,125.3392,-39.6304,1.7453,-12.1155,-0.2904
4.7550,-30.0000,125.3394,-39.6304,1.7453,-12.1155,-0.2904
4.7560,-30.0000,125.3397,-39.6304,1.7453,-12.1155,-0.2904
4.7570,-30.0000,125.3400,-39.6304,1.7453,-12.1155,-0.2904
4.7580,-30.0000,125.3402,-39.6304,1.7453,-12.1155,-0.2904
4.7590,-30.0000,125.3405,-39.6304,1.7453,-12.1155,-0.2904
4.7600,-30.0000,125.3407,-39.6304,1.7453,-12.1155,-0.2904
4.7610,-30.0000,125.3410,-39.6304,1.7453,-12.1155,-0.2904
4.7620,-30.0000,125.3412,-39.6304,1.7453,-12.1155,-0.2904
4.7630,-30.0000,125.3415,-39.6304,1.7453,-12.1155,-0.2904
4.7640,-30.0000,125.3417,-39.6304,1.7453,-12.1155,-0.2904
4.7650,-30.0000,125.3420,-39.6304,1.7453,-12.1155,-0.2904
4.7660,-30.0000,125.3422,-39.6304,1.7453,-12.1155,-0.2904
4.7670,-30.0000,125.3425,-39.6304,1.7453,-12.1155,-0.2904
4.7680,-30.0000,125.3427,-39.6304,1.7453,-12.1155,-0.2904
4.7690,-30.0000,125.3430,-39.6304,1.7453,-12.1155,-0.2904
4.7700,-30.0000,125.3432,-39.6304,1.7453,-12.1155,-0.2904
4.7710,-30.0000,125.3435,-39.6304,1.7453,-12.1155,-0.2904
4.7720,-30.0000,125.3437,-39.6304,1.7453,-12.1155,-0.2904
4.7730,-30.0000,125.3440,-39.6304,1.7453,-12.1155,-0.2904
4.7740,-30.0000,125.3442,-39.6304,1.7453,-12.1155,-0.2904
4.7750,-30.0000,125.3445,-39.6304,1.7453,-12.1155,-0.2904
4.7760,-30.0000,125.3447,-39.6304,1.7453,-12.1155,-0.2904
4.7770,-30.0000,125.3450,-39.6304,1.7453,-12.1155,-0.2904
4.7780,-30.0000,125.3452,-39.6304,1.7453,-12.1155,-0.2904
4.7790,-30.0000,125.3454,-39.6304,1.7453,-12.1155,-0.2904
4.7800,-30.0000,125.3457,-39.6304,1.7453,-12.1155,-0.2904
4.7810,-30.0000,125.3459,-39.6304,1.7453,-12.1155,-0.2904
4.7820,-30.0000,125.3462,-39.6304,1.7453,-12.1154,-0.2904
4.7830,-30.0000,125.3464,-39.6304,1.7453,-12.1154,-0.2904
4.7840,-30.0000,125.3466,-39.6304,1.7453,-12.1154,-0.2904
4.7850,-30.0000,125.3469,-39.6304,1.7453,-12.1154,-0.2904
4.7860,-30.0000,125.3471,-39.6304,1.7453,-12.1154,-0.2904
4.7870,-30.0000,125.3473,-39.6304,1.7453,-12.1154,-0.2904
4.7880,-30.0000,125.3476,-39.6304,1.7453,-12.1154,-0.2904
4.7890,-30.0000,125.3478,-39.6304,1.7453,-12.1154,-0.2904
4.7900,-30.0000,125.3480,-39.6304,1.7453,-12.1154,-0.2904
4.7910,-30.0000,125.3483,-39.6304,1.7453,-12.1154,-0.2904
4.7920,-30.0000,125.3485,-39.6304,1.7453,-12.1154,-0.2904
4.7930,-30.0000,125.3487,-39.6304,1.7453,-12.1154,-0.2904
4.7940,-30.0000,125.3490,-39.6304,1.7453,-12.1154,-0.2904
4.7950,-30.0000,125.3492,-39.6304,1.7453,-12.1154,-0.2904
4.7960,-30.0000,125.3494,-39.6304,1.7453,-12.1154,-0.2904
4.7970,-30.0000,125.3497,-39.6304,1.7453,-12.1154,-0.2904
4.7980,-30.0000,125.3499,-39.6304,1.7453,-12.1154,-0.2904
4.7990,-30.0000,125.3501,-39.6304,1.7453,-12.1154,-0.2904
4.8000,-30.0000,125.3503,-39.6304,1.7453,-12.1154,-0.2904
4.8010,-30.0000,125.3506,-39.6304,1.7453,-12.1154,-0.2904
4.8020,-30.0000,125.3508,-39.6304,1.7453,-12.1154,-0.2904
4.8030,-30.0000,125.3510,-39.6304,1.7453,-12.1154,-0.2904
4.8040,-30.0000,125.3512,-39.6304,1.7453,-12.1154,-0.2904
4.8050,-30.0000,125.3515,-39.6304,1.7453,-12.1154,-0.2904
4.8060,-30.0000,125.3517,-39.6304,1.7453,-12.1154,-0.2904
4.8070,-30.0000,125.3519,-39.6304,1.7453,-12.1154,-0.2904
4.8080,-30.0000,125.3521,-39.6304,1.7453,-12.1154,-0.2904
4.8090,-30.0000,125.3524,-39.6304,1.7453,-12.1154,-0.2904
4.8100,-30.0000,125.3526,-39.6303,1.7453,-12.1154,-0.2904
4.8110,-30.0000,125.3528,-39.6303,1.7453,-12.1154,-0.2904
4.8120,-30.0000,125.3530,-39.6303,1.7453,-12.1154,-0.2904
4.8130,-30.0000,125.3532,-39.6303,1.7453,-12.1154,-0.2904
4.8140,-30.0000,125.3534,-39.6303,1.7453,-12.1154,-0.2904
4.8150,-30.0000,125.3537,-39.6303,1.7453,-12.1154,-0.2905
4.8160,-30.0000,125.3539,-39.6303,1.7453,-12.1154,-0.2905
4.8170,-30.0000,125.3541,-39.6303,1.7453,-12.1154,-0.2905
4.8180,-30.0000,125.3543,-39.6303,1.7453,-12.1154,-0.2905
4.8190,-30.0000,125.3545,-39.6303,1.7453,-12.1154,-0.2905
4.8200,-30.0000,125.3547,-39.6303,1.7453,-12.1154,-0.2905
4.8210,-30.0000,125.3549,-39.6303,1.7453,-12.1154,-0.2905
4.8220,-30.0000,125.3552,-39.6303,1.7453,-12.1154,-0.2905
4.8230,-30.0000,125.3554,-39.6303,1.7453,-12.1154,-0.2905
4.8240,-30.0000,125.3556,-39.6303,1.7453,-12.1154,-0.2905
4.8250,-30.0000,125.3558,-39.6303,1.7453,-12.1154,-0.2905
4.8260,-30.0000,125.3560,-39.6303,1.7453,-12.1154,-0.2905
4.8270,-30.0000,125.3562,-39.6303,1.7453,-12.1154,-0.2905
4.8280,-30.0000,125.3564,-39.6303,1.7453,-12.1154,-0.2905
4.8290,-30.0000,125.3566,-39.6303,1.7453,-12.1154,-0.2905
4.8300,-30.0000,125.3568,-39.6303,1.7453,-12.1154,-0.2905
4.8310,-30.0000,125.3570,-39.6303,1.7453,-12.1154,-0.2905
4.8320,-30.0000,125.3572,-39.6303,1.7453,-12.1154,-0.2905
4.8330,-30.0000,125.3575,-39.6303,1.7453,-12.1154,-0.2905
4.8340,-30.0000,125.3577,-39.6303,1.7453,-12.1154,-0.2905
4.8350,-30.0000,125.3579,-39.6303,1.7453,-12.1154,-0.2905
4.8360,-30.0000,125.3581,-39.6303,1.7453,-12.1154,-0.2905
4.8370,-30.0000,125.3583,-39.6303,1.7453,-12.1154,-0.2905
4.8380,-30.0000,125.3585,-39.6303,1.7453,-12.1154,-0.2905
4.8390,-30.0000,125.3587,-39.6303,1.7453,-12.1154,-0.2905
4.8400,-30.0000,125.3589,-39.6303,1.7453,-12.1154,-0.2905
4.8410,-30.0000,125.3591,-39.6303,1.7453,-12.1154,-0.2905
4.8420,-30.0000,125.3593,-39.6303,1.7453,-12.1154,-0.2905
4.8430,-30.0000,125.3595,-39.6303,1.7453,-12.1154,-0.2905
4.8440,-30.0000,125.3597,-39.6303,1.7453,-12.1154,-0.2905
4.8450,-30.0000,125.3599,-39.6303,1.7453,-12.1154,-0.2905
4.8460,-30.0000,125.3601,-39.6303,1.7453,-12.1154,-0.2905
4.8470,-30.0000,125.3603,-39.6303,1.7453,-12.1154,-0.2905
4.8480,-30.0000,125.3605,-39.6303,1.7453,-12.1154,-0.2905
4.8490,-30.0000,125.3607,-39.6303,1.7453,-12.1154,-0.2905
4.8500,-30.0000,125.3608,-39.6303,1.7453,-12.1154,-0.2905
4.8510,-30.0000,125.3610,-39.6303,1.7453,-12.1154,-0.2905
4.8520,-30.0000,125.3612,-39.6303,1.7453,-12.1154,-0.2905
4.8530,-30.0000,125.3614,-39.6303,1.7453,-12.1154,-0.2905
4.8540,-30.0000,125.3616,-39.6303,1.7453,-12.1154,-0.2905
4.8550,-30.0000,125.3618,-39.6303,1.7453,-12.1154,-0.2905
4.8560,-30.0000,125.3620,-39.6303,1.7453,-12.1154,-0.2905
4.8570,-30.0000,125.3622,-39.6303,1.7453,-12.1154,-0.2905
4.8580,-30.0000,125.3624,-39.6303,1.7453,-12.1154,-0.2905
4.8590,-30.0000,125.3626,-39.6303,1.7453,-12.1154,-0.2905
4.8600,-30.0000,125.3628,-39.6303,1.7453,-12.1154,-0.2905
4.8610,-30.0000,125.3630,-39.6303,1.7453,-12.1154,-0.2905
4.8620,-30.0000,125.3631,-39.6303,1.7453,-12.1154,-0.2905
4.8630,-30.0000,125.3633,-39.6303,1.7453,-12.1154,-0.2905
4.8640,-30.0000,125.3635,-39.6303,1.7453,-12.1154,-0.2905
4.8650,-30.0000,125.3637,-39.6303,1.7453,-12.1154,-0.2905
4.8660,-30.0000,125.3639,-39.6303,1.7453,-12.1154,-0.2905
4.8670,-30.0000,125.3641,-39.6303,1.7453,-12.1154,-0.2905
4.8680,-30.0000,125.3643,-39.6303,1.7453,-12.1154,-0.2905
4.8690,-30.0000,125.3644,-39.6303,1.7453,-12.1154,-0.2905
4.8700,-30.0000,125.3646,-39.6303,1.7453,-12.1154,-0.2905
4.8710,-30.0000,125.3648,-39.6303,1.7453,-12.1154,-0.2905
4.8720,-30.0000,125.3650,-39.6303,1.7453,-12.1154,-0.2905
4.8730,-30.0000,125.3652,-39.6303,1.7453,-12.1154,-0.2905
4.8740,-30.0000,125.3654,-39.6303,1.7453,-12.1154,-0.2905
4.8750,-30.0000,125.3655,-39.6303,1.7453,-12.1154,-0.2905
4.8760,-30.0000,125.3657,-39.6303,1.7453,-12.1154,-0.2905
4.8770,-30.0000,125.3659,-39.6303,1.7453,-12.1154,-0.2905
4.8780,-30.0000,125.3661,-39.6303,1.7453,-12.1154,-0.2905
4.8790,-30.0000,125.3663,-39.6303,1.7453,-12.1154,-0.2905
4.8800,-30.0000,125.3664,-39.6303,1.7453,-12.1154,-0.2905
4.8810,-30.0000,125.3666,-39.6303,1.7453,-12.1154,-0.2905
4.8820,-30.0000,125.3668,-39.6303,1.7453,-12.1154,-0.2905
4.8830,-30.0000,125.3670,-39.6303,1.7453,-12.1154,-0.2905
4.8840,-30.0000,125.3671,-39.6303,1.7453,-12.1154,-0.2905
4.8850,-30.0000,125.3673,-39.6303,1.7453,-12.1154,-0.2905
4.8860,-30.0000,125.3675,-39.6302,1.7453,-12.1154,-0.2905
4.8870,-30.0000,125.3677,-39.6302,1.7453,-12.1154,-0.2905
4.8880,-30.0000,125.3678,-39.6302,1.7453,-12.1154,-0.2905
4.8890,-30.0000,125.3680,-39.6302,1.7453,-12.1154,-0.2905
4.8900,-30.0000,125.3682,-39.6302,1.7453,-12.1154,-0.2905
4.8910,-30.0000,125.3684,-39.6302,1.7453,-12.1154,-0.2905
4.8920,-30.0000,125.3685,-39.6302,1.7453,-12.1154,-0.2905
4.8930,-30.0000,125.3687,-39.6302,1.7453,-12.1154,-0.2905
4.8940,-30.0000,125.3689,-39.6302,1.7453,-12.1154,-0.2905
4.8950,-30.0000,125.3690,-39.6302,1.7453,-12.1154,-0.2905
4.8960,-30.0000,125.3692,-39.6302,1.7453,-12.1154,-0.2905
4.8970,-30.0000,125.3694,-39.6302,1.7453,-12.1154,-0.2905
4.8980,-30.0000,125.3695,-39.6302,1.7453,-12.1154,-0.2905
4.8990,-30.0000,125.3697,-39.6302,1.7453,-12.1154,-0.2905
4.9000,-30.0000,125.3699,-39.6302,1.7453,-12.1154,-0.2905
4.9010,-30.0000,125.3701,-39.6302,1.7453,-12.1154,-0.2905
4.9020,-30.0000,125.3702,-39.6302,1.7453,-12.1154,-0.2905
4.9030,-30.0000,125.3704,-39.6302,1.7453,-12.1154,-0.2905
4.9040,-30.0000,125.3705,-39.6302,1.7453,-12.1154,-0.2905
4.9050,-30.0000,125.3707,-39.6302,1.7453,-12.1154,-0.2905
4.9060,-30.0000,125.3709,-39.6302,1.7453,-12.1154,-0.2905
4.9070,-30.0000,125.3710,-39.6302,1.7453,-12.1154,-0.2905
4.9080,-30.0000,125.3712,-39.6302,1.7453,-12.1154,-0.2905
4.9090,-30.0000,125.3714,-39.6302,1.7453,-12.1154,-0.2905
4.9100,-30.0000,125.3715,-39.6302,1.7453,-12.1154,-0.2905
4.9110,-30.0000,125.3717,-39.6302,1.7453,-12.1154,-0.2905
4.9120,-30.0000,125.3719,-39.6302,1.7453,-12.1154,-0.2905
4.9130,-30.0000,125.3720,-39.6302,1.7453,-12.1154,-0.2905
4.9140,-30.0000,125.3722,-39.6302,1.7453,-12.1154,-0.2905
4.9150,-30.0000,125.3723,-39.6302,1.7453,-12.1154,-0.2905
4.9160,-30.0000,125.3725,-39.6302,1.7453,-12.1154,-0.2905
4.9170,-30.0000,125.3727,-39.6302,1.7453,-12.1154,-0.2905
4.9180,-30.0000,125.3728,-39.6302,1.7453,-12.1154,-0.2905
4.9190,-30.0000,125.3730,-39.6302,1.7453,-12.1154,-0.2905
4.9200,-30.0000,125.3731,-39.6302,1.7453,-12.1154,-0.2905
4.9210,-30.0000,125.3733,-39.6302,1.7453,-12.1154,-0.2905
4.9220,-30.0000,125.3734,-39.6302,1.7453,-12.1154,-0.2905
4.9230,-30.0000,125.3736,-39.6302,1.7453,-12.1154,-0.2905
4.9240,-30.0000,125.3738,-39.6302,1.7453,-12.1154,-0.2905
4.9250,-30.0000,125.3739,-39.6302,1.7453,-12.1154,-0.2905
4.9260,-30.0000,125.3741,-39.6302,1.7453,-12.1154,-0.2905
4.9270,-30.0000,125.3742,-39.6302,1.7453,-12.1154,-0.2905
4.9280,-30.0000,125.3744,-39.6302,1.7453,-12.1154,-0.2905
4.9290,-30.0000,125.3745,-39.6302,1.7453,-12.1154,-0.2905
4.9300,-30.0000,125.3747,-39.6302,1.7453,-12.1154,-0.2905
4.9310,-30.0000,125.3748,-39.6302,1.7453,-12.1154,-0.2905
4.9320,-30.0000,125.3750,-39.6302,1.7453,-12.1154,-0.2905
4.9330,-30.0000,125.3751,-39.6302,1.7453,-12.1154,-0.2905
4.9340,-30.0000,125.3753,-39.6302,1.7453,-12.1154,-0.2905
4.9350,-30.0000,125.3754,-39.6302,1.7453,-12.1154,-0.2905
4.9360,-30.0000,125.3756,-39.6302,1.7453,-12.1154,-0.2905
4.9370,-30.0000,125.3757,-39.6302,1.7453,-12.1154,-0.2905
4.9380,-30.0000,125.3759,-39.6302,1.7453,-12.1154,-0.2905
4.9390,-30.0000,125.3760,-39.6302,1.7453,-12.1154,-0.2905
4.9400,-30.0000,125.3762,-39.6302,1.7453,-12.1154,-0.2905
4.9410,-30.0000,125.3763,-39.6302,1.7453,-12.1154,-0.2905
4.9420,-30.0000,125.3765,-39.6302,1.7453,-12.1154,-0.2905
4.9430,-30.0000,125.3766,-39.6302,1.7453,-12.1154,-0.2905
4.9440,-30.0000,125.3768,-39.6302,1.7453,-12.1154,-0.2905
4.9450,-30.0000,125.3769,-39.6302,1.7453,-12.1154,-0.2905
4.9460,-30.0000,125.3771,-39.6302,1.7453,-12.1154,-0.2905
4.9470,-30.0000,125.3772,-39.6302,1.7453,-12.1154,-0.2905
4.9480,-30.0000,125.3774,-39.6302,1.7453,-12.1154,-0.2905
4.9490,-30.0000,125.3775,-39.6302,1.7453,-12.1154,-0.2905
4.9500,-30.0000,125.3777,-39.6302,1.7453,-12.1154,-0.2905
4.9510,-30.0000,125.3778,-39.6302,1.7453,-12.1154,-0.2905
4.9520,-30.0000,125.3779,-39.6302,1.7453,-12.1154,-0.2905
4.9530,-30.0000,125.3781,-39.6302,1.7453,-12.1154,-0.2905
4.9540,-30.0000,125.3782,-39.6302,1.7453,-12.1154,-0.2905
4.9550,-30.0000,125.3784,-39.6302,1.7453,-12.1154,-0.2905
4.9560,-30.0000,125.3785,-39.6302,1.7453,-12.1154,-0.2905
4.9570,-30.0000,125.3787,-39.6302,1.7453,-12.1154,-0.2905
4.9580,-30.0000,125.3788,-39.6302,1.7453,-12.1154,-0.2905
4.9590,-30.0000,125.3789,-39.6302,1.7453,-12.1154,-0.2905
4.9600,-30.0000,125.3791,-39.6302,1.7453,-12.1154,-0.2905
4.9610,-30.0000,125.3792,-39.6302,1.7453,-12.1154,-0.2905
4.9620,-30.0000,125.3794,-39.6302,1.7453,-12.1154,-0.2905
4.9630,-30.0000,125.3795,-39.6302,1.7453,-12.1154,-0.2905
4.9640,-30.0000,125.3796,-39.6302,1.7453,-12.1154,-0.2905
4.9650,-30.0000,125.3798,-39.6302,1.7453,-12.1154,-0.2905
4.9660,-30.0000,125.3799,-39.6302,1.7453,-12.1154,-0.2905
4.9670,-30.0000,125.3800,-39.6302,1.7453,-12.1154,-0.2905
4.9680,-30.0000,125.3802,-39.6302,1.7453,-12.1154,-0.2905
4.9690,-30.0000,125.3803,-39.6302,1.7453,-12.1154,-0.2905
4.9700,-30.0000,125.3805,-39.6302,1.7453,-12.1154,-0.2905
4.9710,-30.0000,125.3806,-39.6302,1.7453,-12.1154,-0.2905
4.9720,-30.0000,125.3807,-39.6302,1.7453,-12.1154,-0.2905
4.9730,-30.0000,125.3809,-39.6302,1.7453,-12.1154,-0.2905
4.9740,-30.0000,125.3810,-39.6302,1.7453,-12.1154,-0.2905
4.9750,-30.0000,125.3811,-39.6302,1.7453,-12.1154,-0.2905
4.9760,-30.0000,125.3813,-39.6302,1.7453,-12.1154,-0.2905
4.9770,-30.0000,125.3814,-39.6302,1.7453,-12.1154,-0.2905
4.9780,-30.0000,125.3815,-39.6302,1.7453,-12.1154,-0.2906
4.9790,-30.0000,125.3817,-39.6302,1.7453,-12.1154,-0.2906
4.9800,-30.0000,125.3818,-39.6302,1.7453,-12.1154,-0.2906
4.9810,-30.0000,125.3819,-39.6302,1.7453,-12.1154,-0.2906
4.9820,-30.0000,125.3821,-39.6302,1.7453,-12.1154,-0.2906
4.9830,-30.0000,125.3822,-39.6302,1.7453,-12.1154,-0.2906
4.9840,-30.0000,125.3823,-39.6301,1.7453,-12.1154,-0.2906
4.9850,-30.0000,125.3824,-39.6301,1.7453,-12.1154,-0.2906
4.9860,-30.0000,125.3826,-39.6301,1.7453,-12.1154,-0.2906
4.9870,-30.0000,125.3827,-39.6301,1.7453,-12.1154,-0.2906
4.9880,-30.0000,125.3828,-39.6301,1.7453,-12.1154,-0.2906
4.9890,-30.0000,125.3830,-39.6301,1.7453,-12.1154,-0.2906
4.9900,-30.0000,125.3831,-39.6301,1.7453,-12.1154,-0.2906
4.9910,-30.0000,125.3832,-39.6301,1.7453,-12.1154,-0.2906
4.9920,-30.0000,125.3833,-39.6301,1.7453,-12.1154,-0.2906
4.9930,-30.0000,125.3835,-39.6301,1.7453,-12.1154,-0.2906
4.9940,-30.0000,125.3836,-39.6301,1.7453,-12.1154,-0.2906
4.9950,-30.0000,125.3837,-39.6301,1.7453,-12.1154,-0.2906
4.9960,-30.0000,125.3839,-39.6301,1.7453,-12.1154,-0.2906
4.9970,-30.0000,125.3840,-39.6301,1.7453,-12.1154,-0.2906
4.9980,-30.0000,125.3841,-39.6301,1.7453,-12.1154,-0.2906
4.9990,-30.0000,125.3842,-39.6301,1.7453,-12.1154,-0.2906
5.0000,-30.0000,125.3844,-39.6301,1.7453,-12.1154,-0.2906
5.0010,-30.0000,125.3845,-39.6301,1.7453,-12.1154,-0.2906
5.0020,-30.0000,125.3846,-39.6301,1.7453,-12.1154,-0.2905
5.0030,-30.0000,125.3847,-39.6301,1.7454,-12.1155,-0.2905
5.0040,-30.0000,125.3848,-39.6301,1.7454,-12.1156,-0.2905
5.0050,-30.0000,125.3850,-39.6301,1.7454,-12.1157,-0.2905
5.0060,-30.0000,125.3851,-39.6301,1.7455,-12.1160,-0.2904
5.0070,-30.0000,125.3852,-39.6301,1.7456,-12.1163,-0.2904
5.0080,-30.0000,125.3853,-39.6301,1.7457,-12.1166,-0.2903
5.0090,-30.0000,125.3854,-39.6301,1.7458,-12.1171,-0.2903
5.0100,-30.0000,125.3856,-39.6301,1.7460,-12.1176,-0.2902
5.0110,-30.0000,125.3857,-39.6300,1.7462,-12.1182,-0.2902
5.0120,-30.0000,125.3858,-39.6300,1.7464,-12.1188,-0.2901
5.0130,-30.0000,125.3859,-39.6300,1.7466,-12.1196,-0.2900
5.0140,-30.0000,125.3860,-39.6299,1.7468,-12.1204,-0.2899
5.0150,-30.0000,125.3862,-39.6299,1.7471,-12.1213,-0.2898
5.0160,-30.0000,125.3863,-39.6299,1.7474,-12.1223,-0.2898
5.0170,-30.0000,125.3864,-39.6298,1.7478,-12.1234,-0.2897
5.0180,-30.0000,125.3865,-39.6298,1.7481,-12.1245,-0.2895
5.0190,-30.0000,125.3866,-39.6297,1.7485,-12.1257,-0.2894
5.0200,-30.0000,125.3867,-39.6296,1.7490,-12.1270,-0.2893
5.0210,-30.0000,125.3868,-39.6295,1.7494,-12.1284,-0.2892
5.0220,-30.0000,125.3869,-39.6295,1.7499,-12.1298,-0.2891
5.0230,-30.0000,125.3870,-39.6294,1.7504,-12.1313,-0.2889
5.0240,-30.0000,125.3871,-39.6293,1.7509,-12.1328,-0.2888
5.0250,-30.0000,125.3872,-39.6292,1.7515,-12.1345,-0.2887
5.0260,-30.0000,125.3873,-39.6290,1.7521,-12.1361,-0.2885
5.0270,-30.0000,125.3874,-39.6289,1.7527,-12.1379,-0.2884
5.0280,-30.0000,125.3875,-39.6288,1.7534,-12.1397,-0.2882
5.0290,-30.0000,125.3875,-39.6286,1.7541,-12.1415,-0.2880
5.0300,-30.0000,125.3876,-39.6285,1.7548,-12.1434,-0.2879
5.0310,-30.0000,125.3877,-39.6283,1.7556,-12.1453,-0.2877
5.0320,-30.0000,125.3878,-39.6281,1.7563,-12.1473,-0.2875
5.0330,-30.0000,125.3878,-39.6279,1.7572,-12.1494,-0.2873
5.0340,-30.0000,125.3879,-39.6277,1.7580,-12.1515,-0.2872
5.0350,-30.0000,125.3879,-39.6275,1.7589,-12.1536,-0.2870
5.0360,-30.0000,125.3880,-39.6273,1.7598,-12.1558,-0.2868
5.0370,-30.0000,125.3880,-39.6271,1.7607,-12.1580,-0.2866
5.0380,-30.0000,125.3880,-39.6268,1.7616,-12.1602,-0.2864
5.0390,-30.0000,125.3881,-39.6266,1.7626,-12.1625,-0.2862
5.0400,-30.0000,125.3881,-39.6263,1.7637,-12.1648,-0.2859
5.0410,-30.0000,125.3881,-39.6260,1.7647,-12.1671,-0.2857
5.0420,-30.0000,125.3881,-39.6257,1.7658,-12.1695,-0.2855
5.0430,-30.0000,125.3881,-39.6254,1.7669,-12.1719,-0.2853
5.0440,-30.0000,125.3881,-39.6251,1.7680,-12.1743,-0.2850
5.0450,-30.0000,125.3881,-39.6248,1.7692,-12.1768,-0.2848
5.0460,-30.0000,125.3880,-39.6244,1.7704,-12.1792,-0.2845
5.0470,-30.0000,125.3880,-39.6240,1.7716,-12.1817,-0.2843
5.0480,-30.0000,125.3880,-39.6237,1.7729,-12.1843,-0.2840
5.0490,-30.0000,125.3879,-39.6233,1.7742,-12.1868,-0.2838
5.0500,-30.0000,125.3878,-39.6229,1.7755,-12.1894,-0.2835
5.0510,-30.0000,125.3878,-39.6224,1.7769,-12.1920,-0.2833
5.0520,-30.0000,125.3877,-39.6220,1.7782,-12.1946,-0.2830
5.0530,-30.0000,125.3876,-39.6215,1.7797,-12.1972,-0.2827
5.0540,-30.0000,125.3875,-39.6211,1.7811,-12.1998,-0.2824
5.0550,-30.0000,125.3873,-39.6206,1.7826,-12.2025,-0.2822
5.0560,-30.0000,125.3872,-39.6200,1.7841,-12.2052,-0.2819
5.0570,-30.0000,125.3871,-39.6195,1.7856,-12.2079,-0.2816
5.0580,-30.0000,125.3869,-39.6190,1.7872,-12.2106,-0.2813
5.0590,-30.0000,125.3867,-39.6184,1.7887,-12.2133,-0.2810
5.0600,-30.0000,125.3865,-39.6178,1.7904,-12.2160,-0.2807
5.0610,-30.0000,125.3863,-39.6172,1.7920,-12.2187,-0.2804
5.0620,-30.0000,125.3861,-39.6166,1.7937,-12.2215,-0.2801
5.0630,-30.0000,125.3859,-39.6160,1.7954,-12.2243,-0.2798
5.0640,-30.0000,125.3857,-39.6153,1.7971,-12.2270,-0.2794
5.0650,-30.0000,125.3854,-39.6147,1.7989,-12.2298,-0.2791
5.0660,-30.0000,125.3851,-39.6140,1.8007,-12.2326,-0.2788
5.0670,-30.0000,125.3848,-39.6133,1.8026,-12.2354,-0.2785
5.0680,-30.0000,125.3845,-39.6125,1.8044,-12.2382,-0.2781
5.0690,-30.0000,125.3842,-39.6118,1.8063,-12.2411,-0.2778
5.0700,-30.0000,125.3839,-39.6110,1.8082,-12.2439,-0.2774
5.0710,-30.0000,125.3835,-39.6102,1.8102,-12.2467,-0.2771
5.0720,-30.0000,125.3832,-39.6094,1.8122,-12.2496,-0.2767
5.0730,-30.0000,125.3828,-39.6086,1.8142,-12.2524,-0.2764
5.0740,-30.0000,125.3824,-39.6077,1.8162,-12.2553,-0.2760
5.0750,-30.0000,125.3819,-39.6069,1.8183,-12.2582,-0.2757
5.0760,-30.0000,125.3815,-39.6060,1.8204,-12.2610,-0.2753
5.0770,-30.0000,125.3810,-39.6050,1.8225,-12.2639,-0.2749
5.0780,-30.0000,125.3806,-39.6041,1.8247,-12.2668,-0.2746
5.0790,-30.0000,125.3801,-39.6031,1.8269,-12.2697,-0.2742
5.0800,-30.0000,125.3795,-39.6022,1.8291,-12.2726,-0.2738
5.0810,-30.0000,125.3790,-39.6012,1.8313,-12.2755,-0.2734
5.0820,-30.0000,125.3784,-39.6001,1.8336,-12.2784,-0.2730
5.0830,-30.0000,125.3778,-39.5991,1.8359,-12.2813,-0.2727
5.0840,-30.0000,125.3772,-39.5980,1.8383,-12.2842,-0.2723
5.0850,-30.0000,125.3766,-39.5969,1.8406,-12.2871,-0.2719
5.0860,-30.0000,125.3760,-39.5958,1.8430,-12.2901,-0.2715
5.0870,-30.0000,125.3753,-39.5946,1.8455,-12.2930,-0.2711
5.0880,-30.0000,125.3746,-39.5935,1.8479,-12.2959,-0.2707
5.0890,-30.0000,125.3739,-39.5923,1.8504,-12.2988,-0.2702
5.0900,-30.0000,125.3732,-39.5911,1.8529,-12.3018,-0.2698
5.0910,-30.0000,125.3724,-39.5898,1.8555,-12.3047,-0.2694
5.0920,-30.0000,125.3716,-39.5886,1.8581,-12.3077,-0.2690
5.0930,-30.0000,125.3708,-39.5873,1.8607,-12.3106,-0.2686
5.0940,-30.0000,125.3700,-39.5860,1.8633,-12.3136,-0.2682
5.0950,-30.0000,125.3691,-39.5846,1.8660,-12.3165,-0.2677
5.0960,-30.0000,125.3682,-39.5833,1.8687,-12.3195,-0.2673
5.0970,-30.0000,125.3673,-39.5819,1.8714,-12.3225,-0.2669
5.0980,-30.0000,125.3664,-39.5805,1.8742,-12.3254,-0.2664
5.0990,-30.0000,125.3654,-39.5790,1.8770,-12.3284,-0.2660
5.1000,-30.0000,125.3644,-39.5775,1.8798,-12.3314,-0.2655
5.1010,-30.0000,125.3634,-39.5760,1.8826,-12.3343,-0.2651
5.1020,-30.0000,125.3624,-39.5745,1.8855,-12.3373,-0.2646
5.1030,-30.0000,125.3613,-39.5730,1.8884,-12.3403,-0.2642
5.1040,-30.0000,125.3602,-39.5714,1.8913,-12.3433,-0.2637
5.1050,-30.0000,125.3591,-39.5698,1.8943,-12.3463,-0.2633
5.1060,-30.0000,125.3579,-39.5682,1.8973,-12.3492,-0.2628
5.1070,-30.0000,125.3568,-39.5665,1.9003,-12.3522,-0.2623
5.1080,-30.0000,125.3555,-39.5649,1.9034,-12.3552,-0.2619
5.1090,-30.0000,125.3543,-39.5631,1.9065,-12.3582,-0.2614
5.1100,-30.0000,125.3530,-39.5614,1.9096,-12.3612,-0.2609
5.1110,-30.0000,125.3517,-39.5596,1.9127,-12.3642,-0.2605
5.1120,-30.0000,125.3504,-39.5579,1.9159,-12.3672,-0.2600
5.1130,-30.0000,125.3491,-39.5560,1.9191,-12.3702,-0.2595
5.1140,-30.0000,125.3477,-39.5542,1.9224,-12.3732,-0.2590
5.1150,-30.0000,125.3462,-39.5523,1.9256,-12.3762,-0.2585
5.1160,-30.0000,125.3448,-39.5504,1.9289,-12.3792,-0.2580
5.1170,-30.0000,125.3433,-39.5485,1.9322,-12.3822,-0.2575
5.1180,-30.0000,125.3418,-39.5465,1.9356,-12.3852,-0.2571
5.1190,-30.0000,125.3402,-39.5445,1.9390,-12.3882,-0.2566
5.1200,-30.0000,125.3387,-39.5425,1.9424,-12.3912,-0.2561
5.1210,-30.0000,125.3371,-39.5405,1.9458,-12.3943,-0.2556
5.1220,-30.0000,125.3354,-39.5384,1.9493,-12.3973,-0.2551
5.1230,-30.0000,125.3337,-39.5363,1.9528,-12.4003,-0.2545
5.1240,-30.0000,125.3320,-39.5341,1.9563,-12.4033,-0.2540
5.1250,-30.0000,125.3303,-39.5320,1.9599,-12.4063,-0.2535
5.1260,-30.0000,125.3285,-39.5298,1.9635,-12.4094,-0.2530
5.1270,-30.0000,125.3267,-39.5275,1.9671,-12.4124,-0.2525
5.1280,-30.0000,125.3248,-39.5253,1.9708,-12.4154,-0.2520
5.1290,-30.0000,125.3229,-39.5230,1.9744,-12.4184,-0.2515
5.1300,-30.0000,125.3210,-39.5207,1.9782,-12.4215,-0.2509
5.1310,-30.0000,125.3191,-39.5183,1.9819,-12.4245,-0.2504
5.1320,-30.0000,125.3171,-39.5159,1.9857,-12.4275,-0.2499
5.1330,-30.0000,125.3150,-39.5135,1.9895,-12.4306,-0.2493
5.1340,-30.0000,125.3130,-39.5111,1.9933,-12.4336,-0.2488
5.1350,-30.0000,125.3109,-39.5086,1.9971,-12.4366,-0.2483
5.1360,-30.0000,125.3087,-39.5061,2.0010,-12.4397,-0.2477
5.1370,-30.0000,125.3066,-39.5036,2.0049,-12.4427,-0.2472
5.1380,-30.0000,125.3044,-39.5010,2.0089,-12.4457,-0.2466
5.1390,-30.0000,125.3021,-39.4984,2.0129,-12.4488,-0.2461
5.1400,-30.0000,125.2998,-39.4958,2.0169,-12.4518,-0.2456
5.1410,-30.0000,125.2975,-39.4931,2.0209,-12.4549,-0.2450
5.1420,-30.0000,125.2951,-39.4904,2.0250,-12.4579,-0.2445
5.1430,-30.0000,125.2927,-39.4877,2.0291,-12.4610,-0.2439
5.1440,-30.0000,125.2903,-39.4849,2.0332,-12.4640,-0.2433
5.1450,-30.0000,125.2878,-39.4821,2.0373,-12.4671,-0.2428
5.1460,-30.0000,125.2853,-39.4793,2.0415,-12.4701,-0.2422
5.1470,-30.0000,125.2827,-39.4765,2.0457,-12.4732,-0.2417
5.1480,-30.0000,125.2801,-39.4736,2.0500,-12.4762,-0.2411
5.1490,-30.0000,125.2774,-39.4707,2.0542,-12.4793,-0.2405
5.1500,-30.0000,125.2747,-39.4677,2.0585,-12.4823,-0.2400
5.1510,-30.0000,125.2720,-39.4647,2.0629,-12.4854,-0.2394
5.1520,-30.0000,125.2693,-39.4617,2.0672,-12.4884,-0.2388
5.1530,-30.0000,125.2664,-39.4586,2.0716,-12.4915,-0.2383
5.1540,-30.0000,125.2636,-39.4555,2.0760,-12.4946,-0.2377
5.1550,-30.0000,125.2607,-39.4524,2.0805,-12.4976,-0.2371
5.1560,-30.0000,125.2578,-39.4493,2.0849,-12.5007,-0.2365
5.1570,-30.0000,125.2548,-39.4461,2.0894,-12.5037,-0.2359
5.1580,-30.0000,125.2517,-39.4429,2.0940,-12.5068,-0.2354
5.1590,-30.0000,125.2487,-39.4396,2.0985,-12.5099,-0.2348
5.1600,-30.0000,125.2456,-39.4363,2.1031,-12.5129,-0.2342
5.1610,-30.0000,125.2424,-39.4330,2.1078,-12.5160,-0.2336
5.1620,-30.0000,125.2392,-39.4296,2.1124,-12.5191,-0.2330
5.1630,-30.0000,125.2360,-39.4262,2.1171,-12.5221,-0.2324
5.1640,-30.0000,125.2327,-39.4228,2.1218,-12.5252,-0.2318
5.1650,-30.0000,125.2293,-39.4193,2.1265,-12.5283,-0.2312
5.1660,-30.0000,125.2260,-39.4158,2.1313,-12.5314,-0.2306
5.1670,-30.0000,125.2225,-39.4123,2.1361,-12.5344,-0.2300
5.1680,-30.0000,125.2191,-39.4087,2.1409,-12.5375,-0.2294
5.1690,-30.0000,125.2156,-39.4051,2.1458,-12.5406,-0.2288
5.1700,-30.0000,125.2120,-39.4015,2.1507,-12.5437,-0.2282
5.1710,-30.0000,125.2084,-39.3978,2.1556,-12.5467,-0.2276
5.1720,-30.0000,125.2047,-39.3941,2.1605,-12.5498,-0.2270
5.1730,-30.0000,125.2010,-39.3904,2.1655,-12.5529,-0.2264
5.1740,-30.0000,125.1973,-39.3866,2.1705,-12.5560,-0.2258
5.1750,-30.0000,125.1935,-39.3828,2.1755,-12.5591,-0.2252
5.1760,-30.0000,125.1897,-39.3789,2.1806,-12.5621,-0.2245
5.1770,-30.0000,125.1858,-39.3751,2.1857,-12.5652,-0.2239
5.1780,-30.0000,125.1818,-39.3711,2.1908,-12.5683,-0.2233
5.1790,-30.0000,125.1778,-39.3672,2.1959,-12.5714,-0.2227
5.1800,-30.0000,125.1738,-39.3632,2.2011,-12.5745,-0.2221
5.1810,-30.0000,125.1697,-39.3592,2.2063,-12.5776,-0.2214
5.1820,-30.0000,125.1656,-39.3551,2.2115,-12.5807,-0.2208
5.1830,-30.0000,125.1614,-39.3510,2.2168,-12.5837,-0.2202
5.1840,-30.0000,125.1572,-39.3469,2.2221,-12.5868,-0.2196
5.1850,-30.0000,125.1529,-39.3427,2.2274,-12.5899,-0.2189
5.1860,-30.0000,125.1486,-39.3385,2.2328,-12.5930,-0.2183
5.1870,-30.0000,125.1442,-39.3342,2.2381,-12.5961,-0.2177
5.1880,-30.0000,125.1397,-39.3299,2.2436,-12.5992,-0.2170
5.1890,-30.0000,125.1353,-39.3256,2.2490,-12.6023,-0.2164
5.1900,-30.0000,125.1307,-39.3213,2.2545,-12.6054,-0.2158
5.1910,-30.0000,125.1261,-39.3169,2.2599,-12.6085,-0.2151
5.1920,-30.0000,125.1215,-39.3125,2.2655,-12.6116,-0.2145
5.1930,-30.0000,125.1168,-39.3080,2.2710,-12.6147,-0.2139
5.1940,-30.0000,125.1121,-39.3035,2.2766,-12.6178,-0.2132
5.1950,-30.0000,125.1073,-39.2989,2.2822,-12.6209,-0.2126
5.1960,-30.0000,125.1024,-39.2944,2.2878,-12.6240,-0.2119
5.1970,-30.0000,125.0975,-39.2897,2.2935,-12.6271,-0.2113
5.1980,-30.0000,125.0926,-39.2851,2.2992,-12.6302,-0.2106
5.1990,-30.0000,125.0876,-39.2804,2.3049,-12.6333,-0.2100
5.2000,-30.0000,125.0825,-39.2757,2.3107,-12.6364,-0.2093
5.2010,-30.0000,125.0774,-39.2709,2.3165,-12.6395,-0.2087
5.2020,-30.0000,125.0722,-39.2661,2.3223,-12.6426,-0.2080
5.2030,-30.0000,125.0670,-39.2613,2.3281,-12.6457,-0.2074
5.2040,-30.0000,125.0618,-39.2564,2.3340,-12.6488,-0.2067
5.2050,-30.0000,125.0564,-39.2515,2.3399,-12.6519,-0.2061
5.2060,-30.0000,125.0510,-39.2465,2.3458,-12.6550,-0.2054
5.2070,-30.0000,125.0456,-39.2415,2.3518,-12.6581,-0.2048
5.2080,-30.0000,125.0401,-39.2365,2.3577,-12.6612,-0.2041
5.2090,-30.0000,125.0346,-39.2314,2.3638,-12.6643,-0.2034
5.2100,-30.0000,125.0290,-39.2263,2.3698,-12.6674,-0.2028
5.2110,-30.0000,125.0233,-39.2212,2.3759,-12.6705,-0.2021
5.2120,-30.0000,125.0176,-39.2160,2.3820,-12.6737,-0.2014
5.2130,-30.0000,125.0118,-39.2108,2.3881,-12.6768,-0.2008
5.2140,-30.0000,125.0060,-39.2055,2.3942,-12.6799,-0.2001
5.2150,-30.0000,125.0001,-39.2002,2.4004,-12.6830,-0.1994
5.2160,-30.0000,124.9942,-39.1949,2.4066,-12.6861,-0.1988
5.2170,-30.0000,124.9882,-39.1895,2.4129,-12.6892,-0.1981
5.2180,-30.0000,124.9821,-39.1841,2.4191,-12.6923,-0.1974
5.2190,-30.0000,124.9760,-39.1786,2.4254,-12.6954,-0.1968
5.2200,-30.0000,124.9699,-39.1731,2.4318,-12.6986,-0.1961
5.2210,-30.0000,124.9636,-39.1676,2.4381,-12.7017,-0.1954
5.2220,-30.0000,124.9573,-39.1620,2.4445,-12.7048,-0.1947
5.2230,-30.0000,124.9510,-39.1564,2.4509,-12.7079,-0.1941
5.2240,-30.0000,124.9446,-39.1508,2.4573,-12.7110,-0.1934
5.2250,-30.0000,124.9381,-39.1451,2.4638,-12.7141,-0.1927
5.2260,-30.0000,124.9316,-39.1394,2.4703,-12.7173,-0.1920
5.2270,-30.0000,124.9250,-39.1336,2.4768,-12.7204,-0.1913
5.2280,-30.0000,124.9184,-39.1278,2.4834,-12.7235,-0.1907
5.2290,-30.0000,124.9117,-39.1220,2.4900,-12.7266,-0.1900
5.2300,-30.0000,124.9050,-39.1161,2.4966,-12.7297,-0.1893
5.2310,-30.0000,124.8981,-39.1102,2.5032,-12.7329,-0.1886
5.2320,-30.0000,124.8913,-39.1042,2.5099,-12.7360,-0.1879
5.2330,-30.0000,124.8843,-39.0982,2.5166,-12.7391,-0.1872
5.2340,-30.0000,124.8773,-39.0922,2.5233,-12.7422,-0.1865
5.2350,-30.0000,124.8703,-39.0861,2.5300,-12.7453,-0.1859
5.2360,-30.0000,124.8632,-39.0800,2.5368,-12.7485,-0.1852
5.2370,-30.0000,124.8560,-39.0738,2.5436,-12.7516,-0.1845
5.2380,-30.0000,124.8488,-39.0676,2.5505,-12.7547,-0.1838
5.2390,-30.0000,124.8415,-39.0614,2.5573,-12.7578,-0.1831
5.2400,-30.0000,124.8341,-39.0551,2.5642,-12.7610,-0.1824
5.2410,-30.0000,124.8267,-39.0488,2.5711,-12.7641,-0.1817
5.2420,-30.0000,124.8192,-39.0424,2.5781,-12.7672,-0.1810
5.2430,-30.0000,124.8116,-39.0360,2.5851,-12.7703,-0.1803
5.2440,-30.0000,124.8040,-39.0296,2.5921,-12.7734,-0.1796
5.2450,-30.0000,124.7963,-39.0231,2.5991,-12.7766,-0.1789
5.2460,-30.0000,124.7886,-39.0166,2.6062,-12.7797,-0.1782
5.2470,-30.0000,124.7808,-39.0100,2.6132,-12.7828,-0.1775
5.2480,-30.0000,124.7730,-39.0034,2.6204,-12.7859,-0.1768
5.2490,-30.0000,124.7650,-38.9968,2.6275,-12.7891,-0.1761
5.2500,-30.0000,124.7570,-38.9901,2.6347,-12.7922,-0.1754
5.2510,-30.0000,124.7490,-38.9834,2.6419,-12.7953,-0.1747
5.2520,-30.0000,124.7409,-38.9766,2.6491,-12.7985,-0.1740
5.2530,-30.0000,124.7327,-38.9699,2.6564,-12.8016,-0.1733
5.2540,-30.0000,124.7245,-38.9630,2.6636,-12.8047,-0.1726
5.2550,-30.0000,124.7161,-38.9561,2.6710,-12.8078,-0.1719
5.2560,-30.0000,124.7078,-38.9492,2.6783,-12.8110,-0.1712
5.2570,-30.0000,124.6993,-38.9423,2.6857,-12.8141,-0.1705
5.2580,-30.0000,124.6908,-38.9353,2.6931,-12.8172,-0.1698
5.2590,-30.0000,124.6823,-38.9282,2.7005,-12.8203,-0.1691
5.2600,-30.0000,124.6736,-38.9211,2.7079,-12.8235,-0.1684
5.2610,-30.0000,124.6649,-38.9140,2.7154,-12.8266,-0.1677
5.2620,-30.0000,124.6562,-38.9068,2.7229,-12.8297,-0.1670
5.2630,-30.0000,124.6473,-38.8996,2.7304,-12.8328,-0.1662
5.2640,-30.0000,124.6384,-38.8924,2.7380,-12.8360,-0.1655
5.2650,-30.0000,124.6295,-38.8851,2.7456,-12.8391,-0.1648
5.2660,-30.0000,124.6205,-38.8778,2.7532,-12.8422,-0.1641
5.2670,-30.0000,124.6114,-38.8704,2.7609,-12.8454,-0.1634
5.2680,-30.0000,124.6022,-38.8630,2.7685,-12.8485,-0.1627
5.2690,-30.0000,124.5930,-38.8556,2.7762,-12.8516,-0.1620
5.2700,-30.0000,124.5837,-38.8481,2.7840,-12.8547,-0.1612
5.2710,-30.0000,124.5743,-38.8405,2.7917,-12.8579,-0.1605
5.2720,-30.0000,124.5649,-38.8330,2.7995,-12.8610,-0.1598
5.2730,-30.0000,124.5554,-38.8254,2.8073,-12.8641,-0.1591
5.2740,-30.0000,124.5458,-38.8177,2.8151,-12.8673,-0.1584
5.2750,-30.0000,124.5362,-38.8100,2.8230,-12.8704,-0.1577
5.2760,-30.0000,124.5265,-38.8023,2.8309,-12.8735,-0.1569
5.2770,-30.0000,124.5167,-38.7945,2.8388,-12.8766,-0.1562
5.2780,-30.0000,124.5069,-38.7867,2.8468,-12.8798,-0.1555
5.2790,-30.0000,124.4970,-38.7788,2.8547,-12.8829,-0.1548
5.2800,-30.0000,124.4870,-38.7709,2.8627,-12.8860,-0.1541
5.2810,-30.0000,124.4770,-38.7630,2.8708,-12.8891,-0.1533
5.2820,-30.0000,124.4668,-38.7550,2.8788,-12.8923,-0.1526
5.2830,-30.0000,124.4567,-38.7470,2.8869,-12.8954,-0.1519
5.2840,-30.0000,124.4464,-38.7389,2.8950,-12.8985,-0.1512
5.2850,-30.0000,124.4361,-38.7308,2.9032,-12.9016,-0.1504
5.2860,-30.0000,124.4257,-38.7226,2.9113,-12.9048,-0.1497
5.2870,-30.0000,124.4152,-38.7145,2.9195,-12.9079,-0.1490
5.2880,-30.0000,124.4047,-38.7062,2.9277,-12.9110,-0.1483
5.2890,-30.0000,124.3941,-38.6980,2.9360,-12.9141,-0.1475
5.2900,-30.0000,124.3834,-38.6896,2.9443,-12.9173,-0.1468
5.2910,-30.0000,124.3727,-38.6813,2.9526,-12.9204,-0.1461
5.2920,-30.0000,124.3619,-38.6729,2.9609,-12.9235,-0.1454
5.2930,-30.0000,124.3510,-38.6645,2.9693,-12.9266,-0.1446
5.2940,-30.0000,124.3401,-38.6560,2.9776,-12.9298,-0.1439
5.2950,-30.0000,124.3290,-38.6475,2.9860,-12.9329,-0.1432
5.2960,-30.0000,124.3179,-38.6389,2.9945,-12.9360,-0.1424
5.2970,-30.0000,124.3068,-38.6303,3.0030,-12.9391,-0.1417
5.2980,-30.0000,124.2955,-38.6216,3.0114,-12.9423,-0.1410
5.2990,-30.0000,124.2842,-38.6130,3.0200,-12.9454,-0.1403
5.3000,-30.0000,124.2728,-38.6042,3.0285,-12.9485,-0.1395
5.3010,-30.0000,124.2614,-38.5955,3.0371,-12.9516,-0.1388
5.3020,-30.0000,124.2499,-38.5866,3.0457,-12.9547,-0.1381
5.3030,-30.0000,124.2383,-38.5778,3.0543,-12.9579,-0.1373
5.3040,-30.0000,124.2266,-38.5689,3.0630,-12.9610,-0.1366
5.3050,-30.0000,124.2149,-38.5600,3.0716,-12.9641,-0.1359
5.3060,-30.0000,124.2030,-38.5510,3.0804,-12.9672,-0.1351
5.3070,-30.0000,124.1912,-38.5420,3.0891,-12.9703,-0.1344
5.3080,-30.0000,124.1792,-38.5329,3.0978,-12.9734,-0.1337
5.3090,-30.0000,124.1672,-38.5238,3.1066,-12.9766,-0.1329
5.3100,-30.0000,124.1550,-38.5147,3.1154,-12.9797,-0.1322
5.3110,-30.0000,124.1429,-38.5055,3.1243,-12.9828,-0.1315
5.3120,-30.0000,124.1306,-38.4962,3.1332,-12.9859,-0.1307
5.3130,-30.0000,124.1183,-38.4870,3.1421,-12.9890,-0.1300
5.3140,-30.0000,124.1059,-38.4777,3.1510,-12.9921,-0.1292
5.3150,-30.0000,124.0934,-38.4683,3.1599,-12.9952,-0.1285
5.3160,-30.0000,124.0809,-38.4589,3.1689,-12.9984,-0.1278
5.3170,-30.0000,124.0682,-38.4495,3.1779,-13.0015,-0.1270
5.3180,-30.0000,124.0555,-38.4400,3.1869,-13.0046,-0.1263
5.3190,-30.0000,124.0428,-38.4305,3.1960,-13.0077,-0.1256
5.3200,-30.0000,124.0299,-38.4209,3.2051,-13.0108,-0.1248
5.3210,-30.0000,124.0170,-38.4113,3.2142,-13.0139,-0.1241
5.3220,-30.0000,124.0040,-38.4017,3.2233,-13.0170,-0.1233
5.3230,-30.0000,123.9909,-38.3920,3.2325,-13.0201,-0.1226
5.3240,-30.0000,123.9778,-38.3822,3.2417,-13.0232,-0.1219
5.3250,-30.0000,123.9646,-38.3725,3.2509,-13.0263,-0.1211
5.3260,-30.0000,123.9513,-38.3626,3.2601,-13.0294,-0.1204
5.3270,-30.0000,123.9379,-38.3528,3.2694,-13.0325,-0.1197
5.3280,-30.0000,123.9244,-38.3429,3.2787,-13.0356,-0.1189
5.3290,-30.0000,123.9109,-38.3329,3.2880,-13.0387,-0.1182
5.3300,-30.0000,123.8973,-38.3230,3.2973,-13.0418,-0.1174
5.3310,-30.0000,123.8836,-38.3129,3.3067,-13.0449,-0.1167
5.3320,-30.0000,123.8699,-38.3029,3.3161,-13.0480,-0.1159
5.3330,-30.0000,123.8560,-38.2928,3.3255,-13.0511,-0.1152
5.3340,-30.0000,123.8421,-38.2826,3.3350,-13.0542,-0.1145
5.3350,-30.0000,123.8282,-38.2724,3.3445,-13.0573,-0.1137
5.3360,-30.0000,123.8141,-38.2622,3.3540,-13.0604,-0.1130
5.3370,-30.0000,123.8000,-38.2519,3.3635,-13.0635,-0.1122
5.3380,-30.0000,123.7857,-38.2416,3.3731,-13.0666,-0.1115
5.3390,-30.0000,123.7715,-38.2312,3.3826,-13.0697,-0.1108
5.3400,-30.0000,123.7571,-38.2208,3.3922,-13.0728,-0.1100
5.3410,-30.0000,123.7426,-38.2104,3.4019,-13.0759,-0.1093
5.3420,-30.0000,123.7281,-38.1999,3.4115,-13.0790,-0.1085
5.3430,-30.0000,123.7135,-38.1894,3.4212,-13.0821,-0.1078
5.3440,-30.0000,123.6988,-38.1788,3.4309,-13.0852,-0.1070
5.3450,-30.0000,123.6841,-38.1682,3.4407,-13.0882,-0.1063
5.3460,-30.0000,123.6693,-38.1575,3.4504,-13.0913,-0.1056
5.3470,-30.0000,123.6543,-38.1468,3.4602,-13.0944,-0.1048
5.3480,-30.0000,123.6394,-38.1361,3.4700,-13.0975,-0.1041
5.3490,-30.0000,123.6243,-38.1253,3.4799,-13.1006,-0.1033
5.3500,-30.0000,123.6091,-38.1145,3.4898,-13.1036,-0.1026
5.3510,-30.0000,123.5939,-38.1036,3.4996,-13.1067,-0.1018
5.3520,-30.0000,123.5786,-38.0927,3.5096,-13.1098,-0.1011
5.3530,-30.0000,123.5632,-38.0818,3.5195,-13.1129,-0.1003
5.3540,-30.0000,123.5478,-38.0708,3.5295,-13.1160,-0.0996
5.3550,-30.0000,123.5322,-38.0598,3.5395,-13.1190,-0.0989
5.3560,-30.0000,123.5166,-38.0487,3.5495,-13.1221,-0.0981
5.3570,-30.0000,123.5009,-38.0376,3.5595,-13.1252,-0.0974
5.3580,-30.0000,123.4851,-38.0264,3.5696,-13.1282,-0.0966
5.3590,-30.0000,123.4693,-38.0152,3.5797,-13.1313,-0.0959
5.3600,-30.0000,123.4533,-38.0040,3.5898,-13.1344,-0.0951
5.3610,-30.0000,123.4373,-37.9927,3.6000,-13.1374,-0.0944
5.3620,-30.0000,123.4212,-37.9814,3.6102,-13.1405,-0.0936
5.3630,-30.0000,123.4050,-37.9700,3.6204,-13.1436,-0.0929
5.3640,-30.0000,123.3888,-37.9586,3.6306,-13.1466,-0.0921
5.3650,-30.0000,123.3724,-37.9471,3.6409,-13.1497,-0.0914
5.3660,-30.0000,123.3560,-37.9356,3.6511,-13.1527,-0.0906
5.3670,-30.0000,123.3395,-37.9241,3.6614,-13.1558,-0.0899
5.3680,-30.0000,123.3230,-37.9125,3.6718,-13.1588,-0.0892
5.3690,-30.0000,123.3063,-37.9009,3.6821,-13.1619,-0.0884
5.3700,-30.0000,123.2896,-37.8893,3.6925,-13.1649,-0.0877
5.3710,-30.0000,123.2727,-37.8776,3.7029,-13.1680,-0.0869
5.3720,-30.0000,123.2558,-37.8658,3.7133,-13.1710,-0.0862
5.3730,-30.0000,123.2389,-37.8540,3.7238,-13.1741,-0.0854
5.3740,-30.0000,123.2218,-37.8422,3.7343,-13.1771,-0.0847
5.3750,-30.0000,123.2046,-37.8303,3.7448,-13.1802,-0.0839
5.3760,-30.0000,123.1874,-37.8184,3.7553,-13.1832,-0.0832
5.3770,-30.0000,123.1701,-37.8065,3.7659,-13.1862,-0.0824
5.3780,-30.0000,123.1527,-37.7945,3.7765,-13.1893,-0.0817
5.3790,-30.0000,123.1353,-37.7824,3.7871,-13.1923,-0.0809
5.3800,-30.0000,123.1177,-37.7703,3.7977,-13.1953,-0.0802
5.3810,-30.0000,123.1001,-37.7582,3.8083,-13.1984,-0.0795
5.3820,-30.0000,123.0824,-37.7461,3.8190,-13.2014,-0.0787
5.3830,-30.0000,123.0646,-37.7339,3.8297,-13.2044,-0.0780
5.3840,-30.0000,123.0467,-37.7216,3.8405,-13.2075,-0.0772
5.3850,-30.0000,123.0287,-37.7093,3.8512,-13.2105,-0.0765
5.3860,-30.0000,123.0107,-37.6970,3.8620,-13.2135,-0.0757
5.3870,-30.0000,122.9926,-37.6846,3.8728,-13.2165,-0.0750
5.3880,-30.0000,122.9744,-37.6722,3.8836,-13.2195,-0.0742
5.3890,-30.0000,122.9561,-37.6597,3.8945,-13.2226,-0.0735
5.3900,-30.0000,122.9377,-37.6472,3.9054,-13.2256,-0.0727
5.3910,-30.0000,122.9192,-37.6347,3.9163,-13.2286,-0.0720
5.3920,-30.0000,122.9007,-37.6221,3.9272,-13.2316,-0.0712
5.3930,-30.0000,122.8821,-37.6095,3.9382,-13.2346,-0.0705
5.3940,-30.0000,122.8634,-37.5968,3.9492,-13.2376,-0.0698
5.3950,-30.0000,122.8446,-37.5841,3.9602,-13.2406,-0.0690
5.3960,-30.0000,122.8257,-37.5714,3.9712,-13.2436,-0.0683
5.3970,-30.0000,122.8068,-37.5586,3.9823,-13.2466,-0.0675
5.3980,-30.0000,122.7877,-37.5458,3.9933,-13.2496,-0.0668
5.3990,-30.0000,122.7686,-37.5329,4.0044,-13.2526,-0.0660
5.4000,-30.0000,122.7494,-37.5200,4.0156,-13.2556,-0.0653
5.4010,-30.0000,122.7301,-37.5070,4.0267,-13.2586,-0.0645
5.4020,-30.0000,122.7107,-37.4940,4.0379,-13.2616,-0.0638
5.4030,-30.0000,122.6913,-37.4810,4.0491,-13.2645,-0.0630
5.4040,-30.0000,122.6717,-37.4679,4.0603,-13.2675,-0.0623
5.4050,-30.0000,122.6521,-37.4548,4.0716,-13.2705,-0.0616
5.4060,-30.0000,122.6324,-37.4416,4.0829,-13.2735,-0.0608
5.4070,-30.0000,122.6126,-37.4284,4.0942,-13.2765,-0.0601
5.4080,-30.0000,122.5927,-37.4152,4.1055,-13.2794,-0.0593
5.4090,-30.0000,122.5728,-37.4019,4.1168,-13.2824,-0.0586
5.4100,-30.0000,122.5527,-37.3886,4.1282,-13.2854,-0.0578
5.4110,-30.0000,122.5326,-37.3752,4.1396,-13.2883,-0.0571
5.4120,-30.0000,122.5124,-37.3618,4.1510,-13.2913,-0.0563
5.4130,-30.0000,122.4921,-37.3483,4.1625,-13.2943,-0.0556
5.4140,-30.0000,122.4717,-37.3348,4.1739,-13.2972,-0.0549
5.4150,-30.0000,122.4512,-37.3213,4.1854,-13.3002,-0.0541
5.4160,-30.0000,122.4307,-37.3077,4.1969,-13.3031,-0.0534
5.4170,-30.0000,122.4101,-37.2941,4.2085,-13.3061,-0.0526
5.4180,-30.0000,122.3893,-37.2804,4.2201,-13.3090,-0.0519
5.4190,-30.0000,122.3685,-37.2667,4.2316,-13.3120,-0.0511
5.4200,-30.0000,122.3476,-37.2530,4.2433,-13.3149,-0.0504
5.4210,-30.0000,122.3267,-37.2392,4.2549,-13.3178,-0.0497
5.4220,-30.0000,122.3056,-37.2254,4.2666,-13.3208,-0.0489
5.4230,-30.0000,122.2844,-37.2115,4.2782,-13.3237,-0.0482
5.4240,-30.0000,122.2632,-37.1976,4.2900,-13.3266,-0.0474
5.4250,-30.0000,122.2419,-37.1836,4.3017,-13.3296,-0.0467
5.4260,-30.0000,122.2205,-37.1697,4.3134,-13.3325,-0.0459
5.4270,-30.0000,122.1990,-37.1556,4.3252,-13.3354,-0.0452
5.4280,-30.0000,122.1774,-37.1415,4.3370,-13.3383,-0.0445
5.4290,-30.0000,122.1558,-37.1274,4.3489,-13.3412,-0.0437
5.4300,-30.0000,122.1340,-37.1133,4.3607,-13.3441,-0.0430
5.4310,-30.0000,122.1122,-37.0991,4.3726,-13.3471,-0.0422
5.4320,-30.0000,122.0903,-37.0848,4.3845,-13.3500,-0.0415
5.4330,-30.0000,122.0683,-37.0706,4.3964,-13.3529,-0.0408
5.4340,-30.0000,122.0462,-37.0563,4.4084,-13.3558,-0.0400
5.4350,-30.0000,122.0240,-37.0419,4.4203,-13.3587,-0.0393
5.4360,-30.0000,122.0017,-37.0275,4.4323,-13.3616,-0.0385
5.4370,-30.0000,121.9794,-37.0130,4.4443,-13.3644,-0.0378
5.4380,-30.0000,121.9569,-36.9986,4.4564,-13.3673,-0.0371
5.4390,-30.0000,121.9344,-36.9840,4.4684,-13.3702,-0.0363
5.4400,-30.0000,121.9118,-36.9695,4.4805,-13.3731,-0.0356
5.4410,-30.0000,121.8891,-36.9549,4.4926,-13.3760,-0.0348
5.4420,-30.0000,121.8663,-36.9402,4.5048,-13.3789,-0.0341
5.4430,-30.0000,121.8434,-36.9255,4.5169,-13.3817,-0.0334
5.4440,-30.0000,121.8205,-36.9108,4.5291,-13.3846,-0.0326
5.4450,-30.0000,121.7974,-36.8960,4.5413,-13.3875,-0.0319
5.4460,-30.0000,121.7743,-36.8812,4.5536,-13.3903,-0.0311
5.4470,-30.0000,121.7511,-36.8664,4.5658,-13.3932,-0.0304
5.4480,-30.0000,121.7278,-36.8515,4.5781,-13.3960,-0.0297
5.4490,-30.0000,121.7044,-36.8366,4.5904,-13.3989,-0.0289
5.4500,-30.0000,121.6809,-36.8216,4.6027,-13.4017,-0.0282
5.4510,-30.0000,121.6573,-36.8066,4.6150,-13.4046,-0.0275
5.4520,-30.0000,121.6337,-36.7915,4.6274,-13.4074,-0.0267
5.4530,-30.0000,121.6099,-36.7764,4.6398,-13.4102,-0.0260
5.4540,-30.0000,121.5861,-36.7613,4.6522,-13.4131,-0.0253
5.4550,-30.0000,121.5622,-36.7461,4.6647,-13.4159,-0.0245
5.4560,-30.0000,121.5382,-36.7309,4.6771,-13.4187,-0.0238
5.4570,-30.0000,121.5141,-36.7157,4.6896,-13.4215,-0.0230
5.4580,-30.0000,121.4899,-36.7004,4.7021,-13.4244,-0.0223
5.4590,-30.0000,121.4656,-36.6850,4.7146,-13.4272,-0.0216
5.4600,-30.0000,121.4413,-36.6696,4.7272,-13.4300,-0.0208
5.4610,-30.0000,121.4168,-36.6542,4.7398,-13.4328,-0.0201
5.4620,-30.0000,121.3923,-36.6388,4.7523,-13.4356,-0.0194
5.4630,-30.0000,121.3677,-36.6233,4.7650,-13.4384,-0.0186
5.4640,-30.0000,121.3430,-36.6077,4.7776,-13.4412,-0.0179
5.4650,-30.0000,121.3182,-36.5922,4.7903,-13.4440,-0.0172
5.4660,-30.0000,121.2933,-36.5765,4.8030,-13.4468,-0.0164
5.4670,-30.0000,121.2683,-36.5609,4.8157,-13.4495,-0.0157
5.4680,-30.0000,121.2433,-36.5452,4.8284,-13.4523,-0.0150
5.4690,-30.0000,121.2181,-36.5294,4.8412,-13.4551,-0.0142
5.4700,-30.0000,121.1929,-36.5137,4.8539,-13.4579,-0.0135
5.4710,-30.0000,121.1675,-36.4978,4.8667,-13.4606,-0.0128
5.4720,-30.0000,121.1421,-36.4820,4.8796,-13.4634,-0.0121
5.4730,-30.0000,121.1166,-36.4661,4.8924,-13.4662,-0.0113
5.4740,-30.0000,121.0910,-36.4501,4.9053,-13.4689,-0.0106
5.4750,-30.0000,121.0653,-36.4342,4.9182,-13.4717,-0.0099
5.4760,-30.0000,121.0396,-36.4181,4.9311,-13.4744,-0.0091
5.4770,-30.0000,121.0137,-36.4021,4.9440,-13.4771,-0.0084
5.4780,-30.0000,120.9878,-36.3860,4.9570,-13.4799,-0.0077
5.4790,-30.0000,120.9617,-36.3699,4.9699,-13.4826,-0.0070
5.4800,-30.0000,120.9356,-36.3537,4.9829,-13.4853,-0.0062
5.4810,-30.0000,120.9094,-36.3375,4.9960,-13.4881,-0.0055
5.4820,-30.0000,120.8831,-36.3212,5.0090,-13.4908,-0.0048
5.4830,-30.0000,120.8567,-36.3049,5.0221,-13.4935,-0.0040
5.4840,-30.0000,120.8302,-36.2886,5.0352,-13.4962,-0.0033
5.4850,-30.0000,120.8036,-36.2722,5.0483,-13.4989,-0.0026
5.4860,-30.0000,120.7770,-36.2558,5.0614,-13.5016,-0.0019
5.4870,-30.0000,120.7502,-36.2393,5.0746,-13.5043,-0.0011
5.4880,-30.0000,120.7234,-36.2228,5.0877,-13.5070,-0.0004
5.4890,-30.0000,120.6965,-36.2063,5.1009,-13.5097,0.0003
5.4900,-30.0000,120.6695,-36.1897,5.1142,-13.5124,0.0010
5.4910,-30.0000,120.6424,-36.1731,5.1274,-13.5150,0.0018
5.4920,-30.0000,120.6152,-36.1564,5.1407,-13.5177,0.0025
5.4930,-30.0000,120.5879,-36.1398,5.1539,-13.5204,0.0032
5.4940,-30.0000,120.5605,-36.1230,5.1673,-13.5230,0.0039
5.4950,-30.0000,120.5330,-36.1062,5.1806,-13.5257,0.0047
5.4960,-30.0000,120.5055,-36.0894,5.1939,-13.5284,0.0054
5.4970,-30.0000,120.4778,-36.0726,5.2073,-13.5310,0.0061
5.4980,-30.0000,120.4501,-36.0557,5.2207,-13.5337,0.0068
5.4990,-30.0000,120.4223,-36.0388,5.2341,-13.5363,0.0075
5.5000,-30.0000,120.3944,-36.0218,5.2476,-13.5389,0.0083
5.5010,-30.0000,120.3664,-36.0048,5.2610,-13.5416,0.0090
5.5020,-30.0000,120.3383,-35.9878,5.2745,-13.5442,0.0097
5.5030,-30.0000,120.3101,-35.9707,5.2880,-13.5468,0.0104
5.5040,-30.0000,120.2818,-35.9535,5.3015,-13.5494,0.0111
5.5050,-30.0000,120.2535,-35.9364,5.3151,-13.5520,0.0119
5.5060,-30.0000,120.2250,-35.9192,5.3286,-13.5546,0.0126
5.5070,-30.0000,120.1965,-35.9019,5.3422,-13.5572,0.0133
5.5080,-30.0000,120.1678,-35.8847,5.3558,-13.5598,0.0140
5.5090,-30.0000,120.1391,-35.8673,5.3694,-13.5624,0.0147
5.5100,-30.0000,120.1103,-35.8500,5.3831,-13.5650,0.0154
5.5110,-30.0000,120.0814,-35.8326,5.3968,-13.5676,0.0162
5.5120,-30.0000,120.0524,-35.8152,5.4105,-13.5701,0.0169
5.5130,-30.0000,120.0233,-35.7977,5.4242,-13.5727,0.0176
5.5140,-30.0000,119.9942,-35.7802,5.4379,-13.5752,0.0183
5.5150,-30.0000,119.9649,-35.7626,5.4517,-13.5778,0.0190
5.5160,-30.0000,119.9355,-35.7450,5.4654,-13.5804,0.0197
5.5170,-30.0000,119.9061,-35.7274,5.4792,-13.5829,0.0205
5.5180,-30.0000,119.8766,-35.7097,5.4931,-13.5854,0.0212
5.5190,-30.0000,119.8469,-35.6920,5.5069,-13.5880,0.0219
5.5200,-30.0000,119.8172,-35.6743,5.5208,-13.5905,0.0226
5.5210,-30.0000,119.7874,-35.6565,5.5346,-13.5930,0.0233
5.5220,-30.0000,119.7575,-35.6387,5.5486,-13.5955,0.0240
5.5230,-30.0000,119.7275,-35.6208,5.5625,-13.5980,0.0247
5.5240,-30.0000,119.6975,-35.6029,5.5764,-13.6005,0.0254
5.5250,-30.0000,119.6673,-35.5850,5.5904,-13.6030,0.0262
5.5260,-30.0000,119.6370,-35.5670,5.6044,-13.6055,0.0269
5.5270,-30.0000,119.6067,-35.5490,5.6184,-13.6080,0.0276
5.5280,-30.0000,119.5763,-35.5310,5.6324,-13.6105,0.0283
5.5290,-30.0000,119.5457,-35.5129,5.6464,-13.6130,0.0290
5.5300,-30.0000,119.5151,-35.4948,5.6605,-13.6154,0.0297
5.5310,-30.0000,119.4844,-35.4766,5.6746,-13.6179,0.0304
5.5320,-30.0000,119.4536,-35.4584,5.6887,-13.6204,0.0311
5.5330,-30.0000,119.4227,-35.4401,5.7028,-13.6228,0.0318
5.5340,-30.0000,119.3917,-35.4219,5.7170,-13.6252,0.0325
5.5350,-30.0000,119.3606,-35.4036,5.7312,-13.6277,0.0332
5.5360,-30.0000,119.3295,-35.3852,5.7454,-13.6301,0.0339
5.5370,-30.0000,119.2982,-35.3668,5.7596,-13.6325,0.0346
5.5380,-30.0000,119.2669,-35.3484,5.7738,-13.6350,0.0353
5.5390,-30.0000,119.2354,-35.3299,5.7880,-13.6374,0.0360
5.5400,-30.0000,119.2039,-35.3114,5.8023,-13.6398,0.0368
5.5410,-30.0000,119.1723,-35.2929,5.8166,-13.6422,0.0375
5.5420,-30.0000,119.1406,-35.2743,5.8309,-13.6446,0.0382
5.5430,-30.0000,119.1088,-35.2557,5.8452,-13.6470,0.0389
5.5440,-30.0000,119.0769,-35.2370,5.8596,-13.6493,0.0396
5.5450,-30.0000,119.0449,-35.2183,5.8740,-13.6517,0.0403
5.5460,-30.0000,119.0128,-35.1996,5.8884,-13.6541,0.0410
5.5470,-30.0000,118.9807,-35.1808,5.9028,-13.6564,0.0417
5.5480,-30.0000,118.9484,-35.1620,5.9172,-13.6588,0.0424
5.5490,-30.0000,118.9161,-35.1432,5.9317,-13.6611,0.0431
5.5500,-30.0000,118.8836,-35.1243,5.9461,-13.6635,0.0438
5.5510,-30.0000,118.8511,-35.1054,5.9606,-13.6658,0.0445
5.5520,-30.0000,118.8185,-35.0864,5.9751,-13.6681,0.0452
5.5530,-30.0000,118.7858,-35.0674,5.9897,-13.6704,0.0458
5.5540,-30.0000,118.7529,-35.0484,6.0042,-13.6728,0.0465
5.5550,-30.0000,118.7201,-35.0294,6.0188,-13.6751,0.0472
5.5560,-30.0000,118.6871,-35.0103,6.0334,-13.6774,0.0479
5.5570,-30.0000,118.6540,-34.9911,6.0480,-13.6797,0.0486
5.5580,-30.0000,118.6208,-34.9719,6.0626,-13.6819,0.0493
5.5590,-30.0000,118.5876,-34.9527,6.0773,-13.6842,0.0500
5.5600,-30.0000,118.5542,-34.9335,6.0919,-13.6865,0.0507
5.5610,-30.0000,118.5208,-34.9142,6.1066,-13.6888,0.0514
5.5620,-30.0000,118.4872,-34.8949,6.1213,-13.6910,0.0521
5.5630,-30.0000,118.4536,-34.8755,6.1360,-13.6933,0.0528
5.5640,-30.0000,118.4199,-34.8561,6.1508,-13.6955,0.0535
5.5650,-30.0000,118.3861,-34.8367,6.1655,-13.6977,0.0542
5.5660,-30.0000,118.3522,-34.8172,6.1803,-13.7000,0.0549
5.5670,-30.0000,118.3182,-34.7977,6.1951,-13.7022,0.0556
5.5680,-30.0000,118.2841,-34.7782,6.2099,-13.7044,0.0562
5.5690,-30.0000,118.2499,-34.7586,6.2248,-13.7066,0.0569
5.5700,-30.0000,118.2157,-34.7390,6.2396,-13.7088,0.0576
5.5710,-30.0000,118.1813,-34.7193,6.2545,-13.7110,0.0583
5.5720,-30.0000,118.1469,-34.6996,6.2694,-13.7132,0.0590
5.5730,-30.0000,118.1123,-34.6799,6.2843,-13.7153,0.0597
5.5740,-30.0000,118.0777,-34.6602,6.2993,-13.7175,0.0604
5.5750,-30.0000,118.0430,-34.6404,6.3142,-13.7197,0.0611
5.5760,-30.0000,118.0082,-34.6205,6.3292,-13.7218,0.0617
5.5770,-30.0000,117.9733,-34.6007,6.3442,-13.7240,0.0624
5.5780,-30.0000,117.9383,-34.5807,6.3592,-13.7261,0.0631
5.5790,-30.0000,117.9032,-34.5608,6.3742,-13.7282,0.0638
5.5800,-30.0000,117.8680,-34.5408,6.3893,-13.7304,0.0645
5.5810,-30.0000,117.8327,-34.5208,6.4044,-13.7325,0.0652
5.5820,-30.0000,117.7974,-34.5008,6.4194,-13.7346,0.0658
5.5830,-30.0000,117.7619,-34.4807,6.4345,-13.7367,0.0665
5.5840,-30.0000,117.7264,-34.4606,6.4497,-13.7388,0.0672
5.5850,-30.0000,117.6907,-34.4404,6.4648,-13.7408,0.0679
5.5860,-30.0000,117.6550,-34.4202,6.4800,-13.7429,0.0686
5.5870,-30.0000,117.6192,-34.4000,6.4951,-13.7450,0.0692
5.5880,-30.0000,117.5833,-34.3797,6.5103,-13.7470,0.0699
5.5890,-30.0000,117.5473,-34.3594,6.5256,-13.7491,0.0706
5.5900,-30.0000,117.5112,-34.3391,6.5408,-13.7511,0.0713
5.5910,-30.0000,117.4750,-34.3187,6.5560,-13.7532,0.0719
5.5920,-30.0000,117.4387,-34.2983,6.5713,-13.7552,0.0726
5.5930,-30.0000,117.4023,-34.2779,6.5866,-13.7572,0.0733
5.5940,-30.0000,117.3659,-34.2574,6.6019,-13.7592,0.0740
5.5950,-30.0000,117.3293,-34.2369,6.6172,-13.7612,0.0746
5.5960,-30.0000,117.2927,-34.2163,6.6326,-13.7632,0.0753
5.5970,-30.0000,117.2559,-34.1958,6.6479,-13.7652,0.0760
5.5980,-30.0000,117.2191,-34.1751,6.6633,-13.7671,0.0767
5.5990,-30.0000,117.1822,-34.1545,6.6787,-13.7691,0.0773
5.6000,-30.0000,117.1452,-34.1338,6.6941,-13.7711,0.0780
5.6010,-30.0000,117.1081,-34.1131,6.7096,-13.7730,0.0787
5.6020,-30.0000,117.0709,-34.0923,6.7250,-13.7749,0.0793
5.6030,-30.0000,117.0336,-34.0715,6.7405,-13.7769,0.0800
5.6040,-30.0000,116.9962,-34.0507,6.7560,-13.7788,0.0807
5.6050,-30.0000,116.9588,-34.0299,6.7715,-13.7807,0.0814
5.6060,-30.0000,116.9212,-34.0090,6.7870,-13.7826,0.0820
5.6070,-30.0000,116.8836,-33.9880,6.8025,-13.7845,0.0827
5.6080,-30.0000,116.8458,-33.9671,6.8181,-13.7864,0.0834
5.6090,-30.0000,116.8080,-33.9461,6.8337,-13.7883,0.0840
5.6100,-30.0000,116.7701,-33.9250,6.8493,-13.7901,0.0847
5.6110,-30.0000,116.7320,-33.9040,6.8649,-13.7920,0.0853
5.6120,-30.0000,116.6939,-33.8829,6.8805,-13.7938,0.0860
5.6130,-30.0000,116.6557,-33.8617,6.8961,-13.7957,0.0867
5.6140,-30.0000,116.6174,-33.8405,6.9118,-13.7975,0.0873
5.6150,-30.0000,116.5791,-33.8193,6.9275,-13.7993,0.0880
5.6160,-30.0000,116.5406,-33.7981,6.9432,-13.8011,0.0887
5.6170,-30.0000,116.5020,-33.7768,6.9589,-13.8029,0.0893
5.6180,-30.0000,116.4634,-33.7555,6.9746,-13.8047,0.0900
5.6190,-30.0000,116.4246,-33.7342,6.9904,-13.8065,0.0906
5.6200,-30.0000,116.3858,-33.7128,7.0061,-13.8083,0.0913
5.6210,-30.0000,116.3469,-33.6914,7.0219,-13.8101,0.0920
5.6220,-30.0000,116.3078,-33.6699,7.0377,-13.8118,0.0926
5.6230,-30.0000,116.2687,-33.6485,7.0535,-13.8136,0.0933
5.6240,-30.0000,116.2295,-33.6269,7.0694,-13.8153,0.0939
5.6250,-30.0000,116.1902,-33.6054,7.0852,-13.8170,0.0946
5.6260,-30.0000,116.1508,-33.5838,7.1011,-13.8187,0.0952
5.6270,-30.0000,116.1113,-33.5622,7.1170,-13.8204,0.0959
5.6280,-30.0000,116.0718,-33.5405,7.1329,-13.8221,0.0966
5.6290,-30.0000,116.0321,-33.5189,7.1488,-13.8238,0.0972
5.6300,-30.0000,115.9924,-33.4972,7.1647,-13.8255,0.0979
5.6310,-30.0000,115.9525,-33.4754,7.1807,-13.8272,0.0985
5.6320,-30.0000,115.9126,-33.4536,7.1967,-13.8288,0.0992
5.6330,-30.0000,115.8726,-33.4318,7.2127,-13.8305,0.0998
5.6340,-30.0000,115.8324,-33.4100,7.2287,-13.8321,0.1005
5.6350,-30.0000,115.7922,-33.3881,7.2447,-13.8337,0.1011
5.6360,-30.0000,115.7519,-33.3662,7.2607,-13.8353,0.1018
5.6370,-30.0000,115.7115,-33.3442,7.2768,-13.8369,0.1024
5.6380,-30.0000,115.6711,-33.3222,7.2928,-13.8385,0.1031
5.6390,-30.0000,115.6305,-33.3002,7.3089,-13.8401,0.1037
5.6400,-30.0000,115.5898,-33.2782,7.3250,-13.8417,0.1044
5.6410,-30.0000,115.5491,-33.2561,7.3411,-13.8433,0.1050
5.6420,-30.0000,115.5082,-33.2340,7.3573,-13.8448,0.1056
5.6430,-30.0000,115.4673,-33.2118,7.3734,-13.8464,0.1063
5.6440,-30.0000,115.4262,-33.1896,7.3896,-13.8479,0.1069
5.6450,-30.0000,115.3851,-33.1674,7.4058,-13.8494,0.1076
5.6460,-30.0000,115.3439,-33.1452,7.4220,-13.8509,0.1082
5.6470,-30.0000,115.3026,-33.1229,7.4382,-13.8524,0.1089
5.6480,-30.0000,115.2612,-33.1006,7.4544,-13.8539,0.1095
5.6490,-30.0000,115.2197,-33.0782,7.4707,-13.8554,0.1101
5.6500,-30.0000,115.1781,-33.0559,7.4869,-13.8569,0.1108
5.6510,-30.0000,115.1365,-33.0335,7.5032,-13.8583,0.1114
5.6520,-30.0000,115.0947,-33.0110,7.5195,-13.8598,0.1121
5.6530,-30.0000,115.0529,-32.9885,7.5358,-13.8612,0.1127
5.6540,-30.0000,115.0109,-32.9660,7.5522,-13.8626,0.1133
5.6550,-30.0000,114.9689,-32.9435,7.5685,-13.8641,0.1140
5.6560,-30.0000,114.9268,-32.9209,7.5849,-13.8655,0.1146
5.6570,-30.0000,114.8846,-32.8983,7.6012,-13.8668,0.1152
5.6580,-30.0000,114.8423,-32.8757,7.6176,-13.8682,0.1159
5.6590,-30.0000,114.7999,-32.8530,7.6340,-13.8696,0.1165
5.6600,-30.0000,114.7574,-32.8303,7.6504,-13.8709,0.1171
5.6610,-30.0000,114.7148,-32.8076,7.6667,-13.8721,0.1178
5.6620,-30.0000,114.6721,-32.7848,7.6829,-13.8733,0.1184
5.6630,-30.0000,114.6293,-32.7620,7.6990,-13.8744,0.1190
5.6640,-30.0000,114.5865,-32.7392,7.7151,-13.8754,0.1197
5.6650,-29.9999,114.5435,-32.7164,7.7311,-13.8763,0.1203
5.6660,-29.9999,114.5005,-32.6935,7.7469,-13.8771,0.1209
5.6670,-29.9999,114.4573,-32.6706,7.7626,-13.8778,0.1216
5.6680,-29.9999,114.4141,-32.6476,7.7783,-13.8784,0.1222
5.6690,-29.9998,114.3707,-32.6246,7.7938,-13.8789,0.1228
5.6700,-29.9998,114.3273,-32.6016,7.8091,-13.8793,0.1234
5.6710,-29.9997,114.2838,-32.5786,7.8244,-13.8797,0.1241
5.6720,-29.9997,114.2402,-32.5555,7.8395,-13.8799,0.1247
5.6730,-29.9996,114.1964,-32.5324,7.8545,-13.8800,0.1253
5.6740,-29.9995,114.1526,-32.5092,7.8693,-13.8800,0.1260
5.6750,-29.9995,114.1087,-32.4861,7.8840,-13.8799,0.1266
5.6760,-29.9994,114.0647,-32.4629,7.8986,-13.8798,0.1272
5.6770,-29.9993,114.0206,-32.4396,7.9131,-13.8795,0.1278
5.6780,-29.9992,113.9764,-32.4164,7.9274,-13.8792,0.1285
5.6790,-29.9990,113.9321,-32.3931,7.9416,-13.8788,0.1291
5.6800,-29.9989,113.8877,-32.3697,7.9557,-13.8784,0.1297
5.6810,-29.9988,113.8432,-32.3464,7.9697,-13.8778,0.1303
5.6820,-29.9986,113.7986,-32.3230,7.9835,-13.8772,0.1310
5.6830,-29.9985,113.7539,-32.2996,7.9972,-13.8766,0.1316
5.6840,-29.9983,113.7091,-32.2761,8.0108,-13.8759,0.1322
5.6850,-29.9981,113.6642,-32.2527,8.0243,-13.8751,0.1328
5.6860,-29.9979,113.6192,-32.2291,8.0376,-13.8743,0.1335
5.6870,-29.9977,113.5741,-32.2056,8.0509,-13.8734,0.1341
5.6880,-29.9975,113.5289,-32.1820,8.0640,-13.8725,0.1347
5.6890,-29.9973,113.4836,-32.1584,8.0770,-13.8716,0.1353
5.6900,-29.9970,113.4383,-32.1348,8.0899,-13.8706,0.1359
5.6910,-29.9968,113.3928,-32.1111,8.1027,-13.8696,0.1366
5.6920,-29.9965,113.3472,-32.0874,8.1154,-13.8686,0.1372
5.6930,-29.9962,113.3015,-32.0637,8.1280,-13.8675,0.1378
5.6940,-29.9959,113.2558,-32.0400,8.1405,-13.8664,0.1384
5.6950,-29.9956,113.2099,-32.0162,8.1529,-13.8653,0.1390
5.6960,-29.9953,113.1639,-31.9924,8.1651,-13.8641,0.1396
5.6970,-29.9949,113.1179,-31.9685,8.1773,-13.8630,0.1402
5.6980,-29.9946,113.0717,-31.9447,8.1894,-13.8618,0.1409
5.6990,-29.9942,113.0255,-31.9208,8.2014,-13.8606,0.1415
5.7000,-29.9938,112.9791,-31.8968,8.2132,-13.8594,0.1421
5.7010,-29.9934,112.9327,-31.8729,8.2250,-13.8582,0.1427
5.7020,-29.9930,112.8861,-31.8489,8.2367,-13.8570,0.1433
5.7030,-29.9926,112.8395,-31.8249,8.2483,-13.8557,0.1439
5.7040,-29.9921,112.7927,-31.8008,8.2598,-13.8545,0.1445
5.7050,-29.9916,112.7459,-31.7767,8.2712,-13.8532,0.1451
5.7060,-29.9911,112.6990,-31.7526,8.2825,-13.8520,0.1457
5.7070,-29.9906,112.6519,-31.7285,8.2938,-13.8507,0.1464
5.7080,-29.9901,112.6048,-31.7043,8.3049,-13.8494,0.1470
5.7090,-29.9896,112.5576,-31.6801,8.3160,-13.8482,0.1476
5.7100,-29.9890,112.5103,-31.6559,8.3269,-13.8469,0.1482
5.7110,-29.9884,112.4629,-31.6317,8.3378,-13.8456,0.1488
5.7120,-29.9878,112.4154,-31.6074,8.3486,-13.8443,0.1494
5.7130,-29.9872,112.3678,-31.5831,8.3593,-13.8430,0.1500
5.7140,-29.9866,112.3201,-31.5587,8.3700,-13.8418,0.1506
5.7150,-29.9859,112.2723,-31.5344,8.3805,-13.8405,0.1512
5.7160,-29.9852,112.2244,-31.5100,8.3910,-13.8392,0.1518
5.7170,-29.9845,112.1764,-31.4855,8.4014,-13.8379,0.1524
5.7180,-29.9838,112.1283,-31.4611,8.4117,-13.8367,0.1530
5.7190,-29.9831,112.0802,-31.4366,8.4219,-13.8354,0.1536
5.7200,-29.9823,112.0319,-31.4121,8.4320,-13.8341,0.1542
5.7210,-29.9816,111.9835,-31.3875,8.4421,-13.8328,0.1548
5.7220,-29.9808,111.9351,-31.3630,8.4521,-13.8316,0.1554
5.7230,-29.9800,111.8865,-31.3384,8.4620,-13.8303,0.1559
5.7240,-29.9791,111.8379,-31.3137,8.4719,-13.8290,0.1565
5.7250,-29.9783,111.7891,-31.2891,8.4816,-13.8278,0.1571
5.7260,-29.9774,111.7403,-31.2644,8.4913,-13.8265,0.1577
5.7270,-29.9765,111.6914,-31.2397,8.5009,-13.8252,0.1583
5.7280,-29.9755,111.6424,-31.2150,8.5104,-13.8240,0.1589
5.7290,-29.9746,111.5932,-31.1902,8.5199,-13.8227,0.1595
5.7300,-29.9736,111.5440,-31.1654,8.5293,-13.8215,0.1601
5.7310,-29.9726,111.4947,-31.1406,8.5386,-13.8202,0.1607
5.7320,-29.9716,111.4454,-31.1157,8.5479,-13.8190,0.1613
5.7330,-29.9706,111.3959,-31.0909,8.5570,-13.8177,0.1618
5.7340,-29.9695,111.3463,-31.0659,8.5661,-13.8165,0.1624
5.7350,-29.9685,111.2966,-31.0410,8.5752,-13.8152,0.1630
5.7360,-29.9673,111.2469,-31.0161,8.5841,-13.8140,0.1636
5.7370,-29.9662,111.1970,-30.9911,8.5930,-13.8128,0.1642
5.7380,-29.9651,111.1470,-30.9660,8.6018,-13.8115,0.1647
5.7390,-29.9639,111.0970,-30.9410,8.6106,-13.8103,0.1653
5.7400,-29.9627,111.0469,-30.9159,8.6193,-13.8091,0.1659
5.7410,-29.9615,110.9966,-30.8908,8.6279,-13.8078,0.1665
5.7420,-29.9602,110.9463,-30.8657,8.6365,-13.8066,0.1671
5.7430,-29.9589,110.8959,-30.8406,8.6449,-13.8054,0.1676
5.7440,-29.9576,110.8454,-30.8154,8.6534,-13.8041,0.1682
5.7450,-29.9563,110.7948,-30.7902,8.6617,-13.8029,0.1688
5.7460,-29.9550,110.7441,-30.7649,8.6700,-13.8017,0.1694
5.7470,-29.9536,110.6934,-30.7397,8.6782,-13.8004,0.1699
5.7480,-29.9522,110.6425,-30.7144,8.6864,-13.7992,0.1705
5.7490,-29.9508,110.5915,-30.6891,8.6945,-13.7980,0.1711
5.7500,-29.9493,110.5405,-30.6637,8.7025,-13.7967,0.1716
5.7510,-29.9479,110.4893,-30.6384,8.7105,-13.7955,0.1722
5.7520,-29.9464,110.4381,-30.6130,8.7184,-13.7943,0.1728
5.7530,-29.9448,110.3868,-30.5875,8.7262,-13.7931,0.1733
5.7540,-29.9433,110.3354,-30.5621,8.7340,-13.7918,0.1739
5.7550,-29.9417,110.2839,-30.5366,8.7417,-13.7906,0.1745
5.7560,-29.9401,110.2323,-30.5111,8.7494,-13.7894,0.1750
5.7570,-29.9385,110.1806,-30.4856,8.7570,-13.7881,0.1756
5.7580,-29.9368,110.1288,-30.4600,8.7645,-13.7869,0.1762
5.7590,-29.9352,110.0770,-30.4345,8.7720,-13.7856,0.1767
5.7600,-29.9334,110.0250,-30.4089,8.7794,-13.7844,0.1773
5.7610,-29.9317,109.9730,-30.3832,8.7868,-13.7832,0.1778
5.7620,-29.9299,109.9208,-30.3576,8.7941,-13.7819,0.1784
5.7630,-29.9282,109.8686,-30.3319,8.8013,-13.7807,0.1790
5.7640,-29.9263,109.8163,-30.3062,8.8085,-13.7794,0.1795
5.7650,-29.9245,109.7639,-30.2804,8.8156,-13.7782,0.1801
5.7660,-29.9226,109.7114,-30.2547,8.8227,-13.7769,0.1806
5.7670,-29.9207,109.6588,-30.2289,8.8297,-13.7757,0.1812
5.7680,-29.9188,109.6061,-30.2031,8.8367,-13.7744,0.1817
5.7690,-29.9168,109.5534,-30.1772,8.8436,-13.7732,0.1823
5.7700,-29.9149,109.5005,-30.1514,8.8504,-13.7719,0.1828
5.7710,-29.9128,109.4476,-30.1255,8.8572,-13.7706,0.1834
5.7720,-29.9108,109.3946,-30.0996,8.8640,-13.7694,0.1839
5.7730,-29.9087,109.3415,-30.0736,8.8706,-13.7681,0.1845
5.7740,-29.9066,109.2883,-30.0477,8.8773,-13.7668,0.1850
5.7750,-29.9045,109.2350,-30.0217,8.8838,-13.7656,0.1856
5.7760,-29.9024,109.1816,-29.9956,8.8904,-13.7643,0.1861
5.7770,-29.9002,109.1281,-29.9696,8.8968,-13.7630,0.1867
5.7780,-29.8980,109.0746,-29.9435,8.9032,-13.7617,0.1872
5.7790,-29.8957,109.0209,-29.9175,8.9096,-13.7604,0.1878
5.7800,-29.8935,108.9672,-29.8913,8.9159,-13.7591,0.1883
5.7810,-29.8912,108.9134,-29.8652,8.9221,-13.7578,0.1888
5.7820,-29.8888,108.8595,-29.8390,8.9284,-13.7565,0.1894
5.7830,-29.8865,108.8055,-29.8128,8.9345,-13.7552,0.1899
5.7840,-29.8841,108.7514,-29.7866,8.9406,-13.7539,0.1905
5.7850,-29.8817,108.6972,-29.7604,8.9467,-13.7526,0.1910
5.7860,-29.8793,108.6430,-29.7341,8.9527,-13.7512,0.1915
5.7870,-29.8768,108.5886,-29.7078,8.9586,-13.7499,0.1921
5.7880,-29.8743,108.5342,-29.6815,8.9645,-13.7486,0.1926
5.7890,-29.8717,108.4797,-29.6552,8.9704,-13.7472,0.1931
5.7900,-29.8692,108.4251,-29.6288,8.9762,-13.7459,0.1937
5.7910,-29.8666,108.3704,-29.6024,8.9819,-13.7445,0.1942
5.7920,-29.8640,108.3156,-29.5760,8.9876,-13.7432,0.1947
5.7930,-29.8613,108.2607,-29.5496,8.9933,-13.7418,0.1953
5.7940,-29.8586,108.2058,-29.5231,8.9989,-13.7404,0.1958
5.7950,-29.8559,108.1508,-29.4966,9.0044,-13.7391,0.1963
5.7960,-29.8532,108.0956,-29.4701,9.0100,-13.7377,0.1968
5.7970,-29.8504,108.0404,-29.4436,9.0154,-13.7363,0.1974
5.7980,-29.8476,107.9851,-29.4171,9.0208,-13.7349,0.1979
5.7990,-29.8447,107.9298,-29.3905,9.0262,-13.7335,0.1984
5.8000,-29.8419,107.8743,-29.3639,9.0315,-13.7321,0.1989
5.8010,-29.8390,107.8187,-29.3372,9.0368,-13.7307,0.1994
5.8020,-29.8361,107.7631,-29.3106,9.0421,-13.7293,0.2000
5.8030,-29.8331,107.7074,-29.2839,9.0472,-13.7279,0.2005
5.8040,-29.8301,107.6516,-29.2572,9.0524,-13.7264,0.2010
5.8050,-29.8271,107.5957,-29.2305,9.0575,-13.7250,0.2015
5.8060,-29.8240,107.5397,-29.2038,9.0625,-13.7235,0.2020
5.8070,-29.8209,107.4836,-29.1770,9.0676,-13.7221,0.2026
5.8080,-29.8178,107.4275,-29.1502,9.0725,-13.7206,0.2031
5.8090,-29.8147,107.3713,-29.1234,9.0775,-13.7192,0.2036
5.8100,-29.8115,107.3150,-29.0966,9.0823,-13.7177,0.2041
5.8110,-29.8083,107.2586,-29.0697,9.0872,-13.7162,0.2046
5.8120,-29.8051,107.2021,-29.0428,9.0920,-13.7147,0.2051
5.8130,-29.8018,107.1455,-29.0159,9.0967,-13.7132,0.2056
5.8140,-29.7985,107.0888,-28.9890,9.1014,-13.7117,0.2061
5.8150,-29.7951,107.0321,-28.9621,9.1061,-13.7102,0.2066
5.8160,-29.7918,106.9753,-28.9351,9.1107,-13.7087,0.2072
5.8170,-29.7884,106.9184,-28.9081,9.1153,-13.7071,0.2077
5.8180,-29.7849,106.8614,-28.8811,9.1198,-13.7056,0.2082
5.8190,-29.7815,106.8043,-28.8540,9.1243,-13.7040,0.2087
5.8200,-29.7780,106.7472,-28.8270,9.1288,-13.7025,0.2092
5.8210,-29.7744,106.6899,-28.7999,9.1332,-13.7009,0.2097
5.8220,-29.7709,106.6326,-28.7728,9.1376,-13.6994,0.2102
5.8230,-29.7673,106.5752,-28.7457,9.1419,-13.6978,0.2107
5.8240,-29.7637,106.5177,-28.7185,9.1462,-13.6962,0.2112
5.8250,-29.7600,106.4601,-28.6913,9.1505,-13.6946,0.2117
5.8260,-29.7563,106.4025,-28.6641,9.1547,-13.6930,0.2122
5.8270,-29.7526,106.3447,-28.6369,9.1589,-13.6914,0.2127
5.8280,-29.7488,106.2869,-28.6097,9.1631,-13.6897,0.2132
5.8290,-29.7451,106.2290,-28.5824,9.1672,-13.6881,0.2136
5.8300,-29.7412,106.1710,-28.5552,9.1712,-13.6865,0.2141
5.8310,-29.7374,106.1129,-28.5279,9.1752,-13.6848,0.2146
5.8320,-29.7335,106.0548,-28.5005,9.1792,-13.6831,0.2151
5.8330,-29.7296,105.9966,-28.4732,9.1832,-13.6815,0.2156
5.8340,-29.7256,105.9382,-28.4458,9.1871,-13.6798,0.2161
5.8350,-29.7216,105.8798,-28.4184,9.1910,-13.6781,0.2166
5.8360,-29.7176,105.8214,-28.3910,9.1948,-13.6764,0.2171
5.8370,-29.7136,105.7628,-28.3636,9.1986,-13.6747,0.2176
5.8380,-29.7095,105.7041,-28.3361,9.2024,-13.6729,0.2180
5.8390,-29.7054,105.6454,-28.3087,9.2061,-13.6712,0.2185
5.8400,-29.7012,105.5866,-28.2812,9.2098,-13.6695,0.2190
5.8410,-29.6970,105.5277,-28.2537,9.2135,-13.6677,0.2195
5.8420,-29.6928,105.4688,-28.2261,9.2171,-13.6660,0.2200
5.8430,-29.6886,105.4097,-28.1986,9.2207,-13.6642,0.2204
5.8440,-29.6843,105.3506,-28.1710,9.2242,-13.6624,0.2209
5.8450,-29.6800,105.2914,-28.1434,9.2277,-13.6606,0.2214
5.8460,-29.6756,105.2321,-28.1158,9.2312,-13.6588,0.2219
5.8470,-29.6713,105.1727,-28.0881,9.2346,-13.6570,0.2224
5.8480,-29.6669,105.1132,-28.0605,9.2380,-13.6552,0.2228
5.8490,-29.6624,105.0537,-28.0328,9.2414,-13.6533,0.2233
5.8500,-29.6579,104.9941,-28.0051,9.2448,-13.6515,0.2238
5.8510,-29.6534,104.9344,-27.9774,9.2481,-13.6496,0.2242
5.8520,-29.6489,104.8746,-27.9496,9.2513,-13.6477,0.2247
5.8530,-29.6443,104.8147,-27.9219,9.2546,-13.6459,0.2252
5.8540,-29.6397,104.7548,-27.8941,9.2578,-13.6440,0.2257
5.8550,-29.6350,104.6948,-27.8663,9.2609,-13.6421,0.2261
5.8560,-29.6303,104.6347,-27.8385,9.2641,-13.6402,0.2266
5.8570,-29.6256,104.5745,-27.8106,9.2672,-13.6382,0.2271
5.8580,-29.6209,104.5142,-27.7828,9.2703,-13.6363,0.2275
5.8590,-29.6161,104.4539,-27.7549,9.2733,-13.6343,0.2280
5.8600,-29.6113,104.3935,-27.7270,9.2763,-13.6324,0.2284
5.8610,-29.6064,104.3330,-27.6991,9.2793,-13.6304,0.2289
5.8620,-29.6015,104.2724,-27.6711,9.2822,-13.6284,0.2294
5.8630,-29.5966,104.2117,-27.6432,9.2851,-13.6264,0.2298
5.8640,-29.5917,104.1510,-27.6152,9.2880,-13.6244,0.2303
5.8650,-29.5867,104.0902,-27.5872,9.2909,-13.6224,0.2307
5.8660,-29.5817,104.0293,-27.5592,9.2937,-13.6204,0.2312
5.8670,-29.5766,103.9683,-27.5311,9.2965,-13.6183,0.2316
5.8680,-29.5715,103.9073,-27.5031,9.2992,-13.6163,0.2321
5.8690,-29.5664,103.8462,-27.4750,9.3019,-13.6142,0.2325
5.8700,-29.5613,103.7849,-27.4469,9.3046,-13.6121,0.2330
5.8710,-29.5561,103.7237,-27.4188,9.3073,-13.6100,0.2334
5.8720,-29.5509,103.6623,-27.3907,9.3099,-13.6079,0.2339
5.8730,-29.5456,103.6009,-27.3625,9.3125,-13.6058,0.2343
5.8740,-29.5403,103.5393,-27.3344,9.3151,-13.6037,0.2348
5.8750,-29.5350,103.4777,-27.3062,9.3176,-13.6015,0.2352
5.8760,-29.5296,103.4161,-27.2780,9.3201,-13.5994,0.2357
5.8770,-29.5243,103.3543,-27.2497,9.3226,-13.5972,0.2361
5.8780,-29.5188,103.2925,-27.2215,9.3251,-13.5950,0.2366
5.8790,-29.5134,103.2306,-27.1932,9.3275,-13.5928,0.2370
5.8800,-29.5079,103.1686,-27.1650,9.3299,-13.5906,0.2375
5.8810,-29.5024,103.1065,-27.1367,9.3323,-13.5884,0.2379
5.8820,-29.4968,103.0444,-27.1083,9.3346,-13.5862,0.2383
5.8830,-29.4912,102.9822,-27.0800,9.3369,-13.5839,0.2388
5.8840,-29.4856,102.9199,-27.0517,9.3392,-13.5817,0.2392
5.8850,-29.4799,102.8575,-27.0233,9.3414,-13.5794,0.2396
5.8860,-29.4742,102.7950,-26.9949,9.3437,-13.5771,0.2401
5.8870,-29.4685,102.7325,-26.9665,9.3459,-13.5748,0.2405
5.8880,-29.4627,102.6699,-26.9381,9.3480,-13.5725,0.2409
5.8890,-29.4569,102.6072,-26.9096,9.3502,-13.5702,0.2414
5.8900,-29.4511,102.5445,-26.8812,9.3523,-13.5678,0.2418
5.8910,-29.4452,102.4816,-26.8527,9.3544,-13.5655,0.2422
5.8920,-29.4393,102.4187,-26.8242,9.3564,-13.5631,0.2427
5.8930,-29.4334,102.3558,-26.7957,9.3585,-13.5608,0.2431
5.8940,-29.4274,102.2927,-26.7672,9.3605,-13.5584,0.2435
5.8950,-29.4214,102.2296,-26.7386,9.3624,-13.5560,0.2439
5.8960,-29.4154,102.1663,-26.7101,9.3644,-13.5535,0.2444
5.8970,-29.4093,102.1031,-26.6815,9.3663,-13.5511,0.2448
5.8980,-29.4032,102.0397,-26.6529,9.3682,-13.5487,0.2452
5.8990,-29.3971,101.9763,-26.6243,9.3701,-13.5462,0.2456
5.9000,-29.3909,101.9127,-26.5956,9.3719,-13.5437,0.2460
5.9010,-29.3847,101.8492,-26.5670,9.3738,-13.5412,0.2465
5.9020,-29.3784,101.7855,-26.5383,9.3755,-13.5387,0.2469
5.9030,-29.3722,101.7218,-26.5096,9.3773,-13.5362,0.2473
5.9040,-29.3659,101.6579,-26.4809,9.3791,-13.5337,0.2477
5.9050,-29.3595,101.5941,-26.4522,9.3808,-13.5311,0.2481
5.9060,-29.3531,101.5301,-26.4235,9.3825,-13.5286,0.2485
5.9070,-29.3467,101.4661,-26.3948,9.3841,-13.5260,0.2490
5.9080,-29.3403,101.4019,-26.3660,9.3858,-13.5234,0.2494
5.9090,-29.3338,101.3378,-26.3372,9.3874,-13.5208,0.2498
5.9100,-29.3273,101.2735,-26.3084,9.3890,-13.5182,0.2502
5.9110,-29.3207,101.2092,-26.2796,9.3906,-13.5155,0.2506
5.9120,-29.3142,101.1448,-26.2508,9.3921,-13.5129,0.2510
5.9130,-29.3075,101.0803,-26.2219,9.3936,-13.5102,0.2514
5.9140,-29.3009,101.0157,-26.1931,9.3951,-13.5076,0.2518
5.9150,-29.2942,100.9511,-26.1642,9.3966,-13.5049,0.2522
5.9160,-29.2875,100.8864,-26.1353,9.3980,-13.5022,0.2526
5.9170,-29.2807,100.8216,-26.1064,9.3995,-13.4994,0.2530
5.9180,-29.2740,100.7568,-26.0775,9.4009,-13.4967,0.2534
5.9190,-29.2671,100.6918,-26.0485,9.4022,-13.4940,0.2538
5.9200,-29.2603,100.6268,-26.0196,9.4036,-13.4912,0.2542
5.9210,-29.2534,100.5618,-25.9906,9.4049,-13.4884,0.2546
5.9220,-29.2465,100.4966,-25.9616,9.4062,-13.4856,0.2550
5.9230,-29.2395,100.4314,-25.9326,9.4075,-13.4828,0.2554
5.9240,-29.2325,100.3661,-25.9036,9.4088,-13.4800,0.2558
5.9250,-29.2255,100.3008,-25.8746,9.4100,-13.4771,0.2562
5.9260,-29.2184,100.2353,-25.8455,9.4112,-13.4743,0.2566
5.9270,-29.2114,100.1698,-25.8165,9.4124,-13.4714,0.2570
5.9280,-29.2042,100.1043,-25.7874,9.4136,-13.4685,0.2574
5.9290,-29.1971,100.0386,-25.7583,9.4147,-13.4656,0.2577
5.9300,-29.1899,99.9729,-25.7292,9.4159,-13.4627,0.2581
5.9310,-29.1826,99.9071,-25.7001,9.4170,-13.4598,0.2585
5.9320,-29.1754,99.8412,-25.6710,9.4180,-13.4568,0.2589
5.9330,-29.1681,99.7753,-25.6418,9.4191,-13.4539,0.2593
5.9340,-29.1608,99.7093,-25.6127,9.4201,-13.4509,0.2597
5.9350,-29.1534,99.6432,-25.5835,9.4212,-13.4479,0.2601
5.9360,-29.1460,99.5771,-25.5543,9.4221,-13.4449,0.2604
5.9370,-29.1386,99.5108,-25.5251,9.4231,-13.4418,0.2608
5.9380,-29.1311,99.4445,-25.4959,9.4241,-13.4388,0.2612
5.9390,-29.1236,99.3782,-25.4666,9.4250,-13.4357,0.2616
5.9400,-29.1161,99.3117,-25.4374,9.4259,-13.4327,0.2619
5.9410,-29.1085,99.2452,-25.4081,9.4268,-13.4296,0.2623
5.9420,-29.1009,99.1787,-25.3788,9.4277,-13.4265,0.2627
5.9430,-29.0933,99.1120,-25.3496,9.4285,-13.4234,0.2631
5.9440,-29.0856,99.0453,-25.3202,9.4293,-13.4202,0.2634
5.9450,-29.0779,98.9785,-25.2909,9.4301,-13.4171,0.2638
5.9460,-29.0702,98.9116,-25.2616,9.4309,-13.4139,0.2642
5.9470,-29.0624,98.8447,-25.2323,9.4317,-13.4107,0.2645
5.9480,-29.0546,98.7777,-25.2029,9.4324,-13.4075,0.2649
5.9490,-29.0468,98.7107,-25.1735,9.4332,-13.4043,0.2653
5.9500,-29.0389,98.6435,-25.1441,9.4339,-13.4011,0.2656
5.9510,-29.0310,98.5763,-25.1147,9.4345,-13.3978,0.2660
5.9520,-29.0231,98.5090,-25.0853,9.4352,-13.3945,0.2664
5.9530,-29.0151,98.4417,-25.0559,9.4359,-13.3913,0.2667
5.9540,-29.0071,98.3743,-25.0265,9.4365,-13.3880,0.2671
5.9550,-28.9991,98.3068,-24.9970,9.4371,-13.3847,0.2675
5.9560,-28.9910,98.2392,-24.9676,9.4377,-13.3813,0.2678
5.9570,-28.9829,98.1716,-24.9381,9.4382,-13.3780,0.2682
5.9580,-28.9748,98.1039,-24.9086,9.4388,-13.3746,0.2685
5.9590,-28.9666,98.0362,-24.8791,9.4393,-13.3712,0.2689
5.9600,-28.9584,97.9683,-24.8496,9.4398,-13.3678,0.2692
5.9610,-28.9502,97.9004,-24.8201,9.4403,-13.3644,0.2696
5.9620,-28.9419,97.8325,-24.7905,9.4408,-13.3610,0.2699
5.9630,-28.9336,97.7644,-24.7610,9.4412,-13.3575,0.2703
5.9640,-28.9253,97.6963,-24.7314,9.4417,-13.3541,0.2706
5.9650,-28.9169,97.6282,-24.7018,9.4421,-13.3506,0.2710
5.9660,-28.9085,97.5599,-24.6722,9.4425,-13.3471,0.2713
5.9670,-28.9001,97.4916,-24.6426,9.4429,-13.3436,0.2717
5.9680,-28.8916,97.4232,-24.6130,9.4432,-13.3401,0.2720
5.9690,-28.8831,97.3548,-24.5834,9.4436,-13.3365,0.2724
5.9700,-28.8746,97.2863,-24.5538,9.4439,-13.3329,0.2727
5.9710,-28.8660,97.2177,-24.5241,9.4442,-13.3294,0.2731
5.9720,-28.8574,97.1491,-24.4945,9.4445,-13.3258,0.2734
5.9730,-28.8488,97.0804,-24.4648,9.4447,-13.3221,0.2737
5.9740,-28.8401,97.0116,-24.4351,9.4450,-13.3185,0.2741
5.9750,-28.8314,96.9427,-24.4054,9.4452,-13.3149,0.2744
5.9760,-28.8227,96.8738,-24.3757,9.4454,-13.3112,0.2747
5.9770,-28.8139,96.8049,-24.3460,9.4456,-13.3075,0.2751
5.9780,-28.8051,96.7358,-24.3163,9.4458,-13.3038,0.2754
5.9790,-28.7963,96.6667,-24.2865,9.4460,-13.3001,0.2758
5.9800,-28.7875,96.5975,-24.2568,9.4461,-13.2964,0.2761
5.9810,-28.7786,96.5283,-24.2270,9.4463,-13.2926,0.2764
5.9820,-28.7696,96.4590,-24.1972,9.4464,-13.2888,0.2767
5.9830,-28.7607,96.3896,-24.1674,9.4465,-13.2851,0.2771
5.9840,-28.7517,96.3202,-24.1377,9.4466,-13.2812,0.2774
5.9850,-28.7427,96.2507,-24.1078,9.4466,-13.2774,0.2777
5.9860,-28.7336,96.1811,-24.0780,9.4467,-13.2736,0.2780
5.9870,-28.7245,96.1115,-24.0482,9.4467,-13.2697,0.2784
5.9880,-28.7154,96.0418,-24.0184,9.4467,-13.2659,0.2787
5.9890,-28.7062,95.9720,-23.9885,9.4467,-13.2620,0.2790
5.9900,-28.6971,95.9022,-23.9587,9.4467,-13.2581,0.2793
5.9910,-28.6878,95.8323,-23.9288,9.4467,-13.2541,0.2797
5.9920,-28.6786,95.7623,-23.8989,9.4466,-13.2502,0.2800
5.9930,-28.6693,95.6923,-23.8690,9.4465,-13.2462,0.2803
5.9940,-28.6600,95.6222,-23.8391,9.4465,-13.2423,0.2806
5.9950,-28.6506,95.5520,-23.8092,9.4464,-13.2383,0.2809
5.9960,-28.6413,95.4818,-23.7793,9.4462,-13.2342,0.2812
5.9970,-28.6319,95.4115,-23.7494,9.4461,-13.2302,0.2816
5.9980,-28.6224,95.3412,-23.7194,9.4460,-13.2262,0.2819
5.9990,-28.6129,95.2708,-23.6895,9.4458,-13.2221,0.2822
6.0000,-28.6034,95.2003,-23.6595,9.4456,-13.2180,0.2825
6.0010,-28.5939,95.1297,-23.6296,9.4454,-13.2139,0.2828
6.0020,-28.5843,95.0591,-23.5996,9.4452,-13.2098,0.2831
6.0030,-28.5747,94.9885,-23.5696,9.4450,-13.2057,0.2834
6.0040,-28.5651,94.9177,-23.5396,9.4448,-13.2015,0.2837
6.0050,-28.5554,94.8470,-23.5096,9.4445,-13.1973,0.2840
6.0060,-28.5457,94.7761,-23.4796,9.4442,-13.1931,0.2843
6.0070,-28.5360,94.7052,-23.4496,9.4439,-13.1889,0.2846
6.0080,-28.5262,94.6342,-23.4195,9.4436,-13.1847,0.2849
6.0090,-28.5164,94.5632,-23.3895,9.4433,-13.1805,0.2852
6.0100,-28.5066,94.4920,-23.3594,9.4430,-13.1762,0.2855
6.0110,-28.4967,94.4209,-23.3294,9.4427,-13.1719,0.2858
6.0120,-28.4869,94.3496,-23.2993,9.4423,-13.1676,0.2861
6.0130,-28.4769,94.2784,-23.2692,9.4419,-13.1633,0.2864
6.0140,-28.4670,94.2070,-23.2391,9.4415,-13.1590,0.2867
6.0150,-28.4570,94.1356,-23.2090,9.4411,-13.1546,0.2870
6.0160,-28.4470,94.0641,-23.1789,9.4407,-13.1503,0.2873
6.0170,-28.4369,93.9926,-23.1488,9.4403,-13.1459,0.2876
6.0180,-28.4269,93.9210,-23.1187,9.4399,-13.1415,0.2879
6.0190,-28.4168,93.8493,-23.0886,9.4394,-13.1370,0.2881
6.0200,-28.4066,93.7776,-23.0585,9.4389,-13.1326,0.2884
6.0210,-28.3964,93.7058,-23.0283,9.4384,-13.1281,0.2887
6.0220,-28.3862,93.6339,-22.9982,9.4379,-13.1236,0.2890
6.0230,-28.3760,93.5620,-22.9680,9.4374,-13.1192,0.2893
6.0240,-28.3657,93.4901,-22.9378,9.4369,-13.1146,0.2896
6.0250,-28.3555,93.4180,-22.9077,9.4364,-13.1101,0.2898
6.0260,-28.3451,93.3459,-22.8775,9.4358,-13.1055,0.2901
6.0270,-28.3348,93.2738,-22.8473,9.4352,-13.1010,0.2904
6.0280,-28.3244,93.2016,-22.8171,9.4347,-13.0964,0.2907
6.0290,-28.3140,93.1293,-22.7869,9.4341,-13.0918,0.2910
6.0300,-28.3035,93.0570,-22.7567,9.4335,-13.0872,0.2912
6.0310,-28.2930,92.9846,-22.7264,9.4328,-13.0825,0.2915
6.0320,-28.2825,92.9121,-22.6962,9.4322,-13.0778,0.2918
6.0330,-28.2720,92.8396,-22.6660,9.4316,-13.0732,0.2921
6.0340,-28.2614,92.7670,-22.6357,9.4309,-13.0685,0.2923
6.0350,-28.2508,92.6944,-22.6055,9.4302,-13.0638,0.2926
6.0360,-28.2402,92.6217,-22.5752,9.4295,-13.0590,0.2929
6.0370,-28.2295,92.5490,-22.5450,9.4288,-13.0543,0.2931
6.0380,-28.2188,92.4762,-22.5147,9.4281,-13.0495,0.2934
6.0390,-28.2081,92.4033,-22.4844,9.4274,-13.0447,0.2937
6.0400,-28.1973,92.3304,-22.4541,9.4267,-13.0399,0.2939
6.0410,-28.1865,92.2574,-22.4238,9.4259,-13.0351,0.2942
6.0420,-28.1757,92.1844,-22.3936,9.4252,-13.0302,0.2945
6.0430,-28.1649,92.1113,-22.3632,9.4244,-13.0253,0.2947
6.0440,-28.1540,92.0381,-22.3329,9.4236,-13.0205,0.2950
6.0450,-28.1431,91.9649,-22.3026,9.4228,-13.0156,0.2952
6.0460,-28.1322,91.8916,-22.2723,9.4220,-13.0106,0.2955
6.0470,-28.1212,91.8183,-22.2420,9.4212,-13.0057,0.2957
6.0480,-28.1102,91.7449,-22.2116,9.4203,-13.0007,0.2960
6.0490,-28.0992,91.6714,-22.1813,9.4195,-12.9958,0.2963
6.0500,-28.0881,91.5979,-22.1510,9.4186,-12.9908,0.2965
6.0510,-28.0770,91.5244,-22.1206,9.4178,-12.9857,0.2968
6.0520,-28.0659,91.4508,-22.0902,9.4169,-12.9807,0.2970
6.0530,-28.0548,91.3771,-22.0599,9.4160,-12.9757,0.2973
6.0540,-28.0436,91.3033,-22.0295,9.4151,-12.9706,0.2975
6.0550,-28.0324,91.2296,-21.9991,9.4142,-12.9655,0.2978
6.0560,-28.0212,91.1557,-21.9688,9.4132,-12.9604,0.2980
6.0570,-28.0099,91.0818,-21.9384,9.4123,-12.9553,0.2982
6.0580,-27.9986,91.0079,-21.9080,9.4113,-12.9501,0.2985
6.0590,-27.9873,90.9338,-21.8776,9.4104,-12.9449,0.2987
6.0600,-27.9759,90.8598,-21.8472,9.4094,-12.9398,0.2990
6.0610,-27.9646,90.7856,-21.8168,9.4084,-12.9345,0.2992
6.0620,-27.9532,90.7115,-21.7864,9.4074,-12.9293,0.2995
6.0630,-27.9417,90.6372,-21.7559,9.4064,-12.9241,0.2997
6.0640,-27.9302,90.5629,-21.7255,9.4054,-12.9188,0.2999
6.0650,-27.9187,90.4886,-21.6951,9.4044,-12.9135,0.3002
6.0660,-27.9072,90.4142,-21.6647,9.4033,-12.9082,0.3004
6.0670,-27.8957,90.3397,-21.6342,9.4023,-12.9029,0.3006
6.0680,-27.8841,90.2652,-21.6038,9.4012,-12.8976,0.3009
6.0690,-27.8725,90.1906,-21.5734,9.4001,-12.8922,0.3011
6.0700,-27.8608,90.1160,-21.5429,9.3991,-12.8869,0.3013
6.0710,-27.8492,90.0413,-21.5124,9.3980,-12.8815,0.3016
6.0720,-27.8375,89.9666,-21.4820,9.3969,-12.8761,0.3018
6.0730,-27.8257,89.8918,-21.4515,9.3958,-12.8706,0.3020
6.0740,-27.8140,89.8169,-21.4211,9.3946,-12.8652,0.3022
6.0750,-27.8022,89.7421,-21.3906,9.3935,-12.8597,0.3025
6.0760,-27.7904,89.6671,-21.3601,9.3923,-12.8542,0.3027
6.0770,-27.7785,89.5921,-21.3296,9.3912,-12.8487,0.3029
6.0780,-27.7667,89.5170,-21.2992,9.3900,-12.8432,0.3031
6.0790,-27.7548,89.4419,-21.2687,9.3888,-12.8376,0.3033
6.0800,-27.7428,89.3668,-21.2382,9.3877,-12.8321,0.3036
6.0810,-27.7309,89.2915,-21.2077,9.3865,-12.8265,0.3038
6.0820,-27.7189,89.2163,-21.1772,9.3853,-12.8209,0.3040
6.0830,-27.7069,89.1410,-21.1467,9.3840,-12.8153,0.3042
6.0840,-27.6948,89.0656,-21.1162,9.3828,-12.8096,0.3044
6.0850,-27.6828,88.9901,-21.0857,9.3816,-12.8040,0.3046
6.0860,-27.6707,88.9147,-21.0552,9.3803,-12.7983,0.3048
6.0870,-27.6586,88.8391,-21.0247,9.3791,-12.7926,0.3051
6.0880,-27.6464,88.7635,-20.9942,9.3778,-12.7869,0.3053
6.0890,-27.6342,88.6879,-20.9636,9.3765,-12.7811,0.3055
6.0900,-27.6220,88.6122,-20.9331,9.3753,-12.7754,0.3057
6.0910,-27.6098,88.5365,-20.9026,9.3740,-12.7696,0.3059
6.0920,-27.5975,88.4607,-20.8721,9.3727,-12.7638,0.3061
6.0930,-27.5852,88.3848,-20.8415,9.3714,-12.7580,0.3063
6.0940,-27.5729,88.3089,-20.8110,9.3700,-12.7521,0.3065
6.0950,-27.5606,88.2330,-20.7805,9.3687,-12.7463,0.3067
6.0960,-27.5482,88.1570,-20.7499,9.3674,-12.7404,0.3069
6.0970,-27.5358,88.0809,-20.7194,9.3660,-12.7345,0.3071
6.0980,-27.5234,88.0048,-20.6888,9.3647,-12.7286,0.3073
6.0990,-27.5109,87.9287,-20.6583,9.3633,-12.7227,0.3075
6.1000,-27.4984,87.8525,-20.6278,9.3619,-12.7167,0.3077
6.1010,-27.4859,87.7762,-20.5972,9.3605,-12.7108,0.3079
6.1020,-27.4734,87.6999,-20.5667,9.3591,-12.7048,0.3081
6.1030,-27.4608,87.6236,-20.5361,9.3577,-12.6988,0.3083
6.1040,-27.4482,87.5472,-20.5055,9.3563,-12.6927,0.3085
6.1050,-27.4356,87.4707,-20.4750,9.3549,-12.6867,0.3086
6.1060,-27.4230,87.3942,-20.4444,9.3535,-12.6806,0.3088
6.1070,-27.4103,87.3177,-20.4139,9.3521,-12.6746,0.3090
6.1080,-27.3976,87.2411,-20.3833,9.3506,-12.6684,0.3092
6.1090,-27.3849,87.1644,-20.3527,9.3492,-12.6623,0.3094
6.1100,-27.3721,87.0877,-20.3222,9.3477,-12.6562,0.3096
6.1110,-27.3593,87.0110,-20.2916,9.3462,-12.6500,0.3098
6.1120,-27.3465,86.9342,-20.2611,9.3447,-12.6438,0.3099
6.1130,-27.3337,86.8573,-20.2305,9.3433,-12.6376,0.3101
6.1140,-27.3209,86.7804,-20.1999,9.3418,-12.6314,0.3103
6.1150,-27.3080,86.7035,-20.1693,9.3403,-12.6252,0.3105
6.1160,-27.2951,86.6265,-20.1388,9.3388,-12.6189,0.3107
6.1170,-27.2821,86.5494,-20.1082,9.3372,-12.6126,0.3108
6.1180,-27.2692,86.4723,-20.0776,9.3357,-12.6063,0.3110
6.1190,-27.2562,86.3952,-20.0471,9.3342,-12.6000,0.3112
6.1200,-27.2432,86.3180,-20.0165,9.3326,-12.5937,0.3114
6.1210,-27.2301,86.2408,-19.9859,9.3311,-12.5873,0.3115
6.1220,-27.2171,86.1635,-19.9553,9.3295,-12.5810,0.3117
6.1230,-27.2040,86.0862,-19.9248,9.3280,-12.5746,0.3119
6.1240,-27.1908,86.0088,-19.8942,9.3264,-12.5681,0.3120
6.1250,-27.1777,85.9314,-19.8636,9.3248,-12.5617,0.3122
6.1260,-27.1645,85.8539,-19.8330,9.3232,-12.5553,0.3124
6.1270,-27.1513,85.7764,-19.8025,9.3216,-12.5488,0.3125
6.1280,-27.1381,85.6989,-19.7719,9.3200,-12.5423,0.3127
6.1290,-27.1249,85.6212,-19.7413,9.3184,-12.5358,0.3129
6.1300,-27.1116,85.5436,-19.7107,9.3168,-12.5293,0.3130
6.1310,-27.0983,85.4659,-19.6802,9.3152,-12.5227,0.3132
6.1320,-27.0850,85.3881,-19.6496,9.3135,-12.5161,0.3133
6.1330,-27.0716,85.3104,-19.6190,9.3119,-12.5095,0.3135
6.1340,-27.0583,85.2325,-19.5884,9.3102,-12.5029,0.3137
6.1350,-27.0449,85.1546,-19.5579,9.3086,-12.4963,0.3138
6.1360,-27.0314,85.0767,-19.5273,9.3069,-12.4897,0.3140
6.1370,-27.0180,84.9987,-19.4967,9.3053,-12.4830,0.3141
6.1380,-27.0045,84.9207,-19.4661,9.3036,-12.4763,0.3143
6.1390,-26.9910,84.8427,-19.4356,9.3019,-12.4696,0.3144
6.1400,-26.9775,84.7646,-19.4050,9.3002,-12.4629,0.3146
6.1410,-26.9640,84.6864,-19.3744,9.2985,-12.4561,0.3147
6.1420,-26.9504,84.6082,-19.3439,9.2968,-12.4494,0.3149
6.1430,-26.9368,84.5300,-19.3133,9.2951,-12.4426,0.3150
6.1440,-26.9232,84.4517,-19.2827,9.2934,-12.4358,0.3152
6.1450,-26.9095,84.3733,-19.2522,9.2917,-12.4289,0.3153
6.1460,-26.8959,84.2950,-19.2216,9.2899,-12.4221,0.3154
6.1470,-26.8822,84.2166,-19.1910,9.2882,-12.4152,0.3156
6.1480,-26.8685,84.1381,-19.1605,9.2865,-12.4084,0.3157
6.1490,-26.8547,84.0596,-19.1299,9.2847,-12.4015,0.3159
6.1500,-26.8409,83.9810,-19.0994,9.2830,-12.3945,0.3160
6.1510,-26.8272,83.9025,-19.0688,9.2812,-12.3876,0.3161
6.1520,-26.8133,83.8238,-19.0382,9.2794,-12.3806,0.3163
6.1530,-26.7995,83.7452,-19.0077,9.2777,-12.3737,0.3164
6.1540,-26.7856,83.6664,-18.9771,9.2759,-12.3667,0.3165
6.1550,-26.7718,83.5877,-18.9466,9.2741,-12.3596,0.3167
6.1560,-26.7578,83.5089,-18.9160,9.2723,-12.3526,0.3168
6.1570,-26.7439,83.4300,-18.8855,9.2705,-12.3455,0.3169
6.1580,-26.7300,83.3511,-18.8550,9.2687,-12.3385,0.3171
6.1590,-26.7160,83.2722,-18.8244,9.2669,-12.3314,0.3172
6.1600,-26.7020,83.1932,-18.7939,9.2651,-12.3243,0.3173
6.1610,-26.6879,83.1142,-18.7633,9.2633,-12.3171,0.3174
6.1620,-26.6739,83.0352,-18.7328,9.2614,-12.3100,0.3176
6.1630,-26.6598,82.9561,-18.7023,9.2596,-12.3028,0.3177
6.1640,-26.6457,82.8769,-18.6718,9.2578,-12.2956,0.3178
6.1650,-26.6316,82.7978,-18.6412,9.2559,-12.2884,0.3179
6.1660,-26.6174,82.7185,-18.6107,9.2541,-12.2811,0.3181
6.1670,-26.6033,82.6393,-18.5802,9.2522,-12.2739,0.3182
6.1680,-26.5891,82.5600,-18.5497,9.2503,-12.2666,0.3183
6.1690,-26.5749,82.4806,-18.5192,9.2485,-12.2593,0.3184
6.1700,-26.5606,82.4013,-18.4887,9.2466,-12.2520,0.3185
6.1710,-26.5464,82.3218,-18.4582,9.2447,-12.2447,0.3186
6.1720,-26.5321,82.2424,-18.4277,9.2428,-12.2373,0.3188
6.1730,-26.5178,82.1629,-18.3972,9.2410,-12.2300,0.3189
6.1740,-26.5035,82.0833,-18.3667,9.2391,-12.2226,0.3190
6.1750,-26.4891,82.0038,-18.3362,9.2372,-12.2152,0.3191
6.1760,-26.4747,81.9241,-18.3057,9.2353,-12.2077,0.3192
6.1770,-26.4603,81.8445,-18.2752,9.2334,-12.2003,0.3193
6.1780,-26.4459,81.7648,-18.2447,9.2314,-12.1928,0.3194
6.1790,-26.4315,81.6851,-18.2142,9.2295,-12.1853,0.3195
6.1800,-26.4170,81.6053,-18.1838,9.2276,-12.1778,0.3196
6.1810,-26.4025,81.5255,-18.1533,9.2257,-12.1703,0.3197
6.1820,-26.3880,81.4456,-18.1228,9.2237,-12.1628,0.3198
6.1830,-26.3735,81.3657,-18.0924,9.2218,-12.1552,0.3199
6.1840,-26.3590,81.2858,-18.0619,9.2199,-12.1476,0.3200
6.1850,-26.3444,81.2058,-18.0315,9.2179,-12.1400,0.3201
6.1860,-26.3298,81.1258,-18.0010,9.2159,-12.1324,0.3202
6.1870,-26.3152,81.0458,-17.9706,9.2140,-12.1248,0.3203
6.1880,-26.3005,80.9657,-17.9401,9.2120,-12.1171,0.3204
6.1890,-26.2859,80.8856,-17.9097,9.2101,-12.1094,0.3205
6.1900,-26.2712,80.8055,-17.8793,9.2081,-12.1017,0.3206
6.1910,-26.2565,80.7253,-17.8488,9.2061,-12.0940,0.3207
6.1920,-26.2418,80.6450,-17.8184,9.2041,-12.0863,0.3208
6.1930,-26.2270,80.5648,-17.7880,9.2021,-12.0785,0.3209
6.1940,-26.2123,80.4845,-17.7576,9.2002,-12.0707,0.3210
6.1950,-26.1975,80.4041,-17.7272,9.1982,-12.0629,0.3210
6.1960,-26.1827,80.3238,-17.6968,9.1962,-12.0551,0.3211
6.1970,-26.1678,80.2434,-17.6664,9.1942,-12.0473,0.3212
6.1980,-26.1530,80.1629,-17.6360,9.1922,-12.0394,0.3213
6.1990,-26.1381,80.0824,-17.6056,9.1901,-12.0316,0.3214
6.2000,-26.1232,80.0019,-17.5752,9.1881,-12.0237,0.3215
6.2010,-26.1083,79.9214,-17.5449,9.1861,-12.0157,0.3215
6.2020,-26.0934,79.8408,-17.5145,9.1841,-12.0078,0.3216
6.2030,-26.0784,79.7602,-17.4841,9.1821,-11.9999,0.3217
6.2040,-26.0634,79.6795,-17.4538,9.1800,-11.9919,0.3218
6.2050,-26.0485,79.5988,-17.4234,9.1780,-11.9839,0.3218
6.2060,-26.0334,79.5181,-17.3931,9.1760,-11.9759,0.3219
6.2070,-26.0184,79.4373,-17.3627,9.1739,-11.9679,0.3220
6.2080,-26.0033,79.3565,-17.3324,9.1719,-11.9598,0.3221
6.2090,-25.9883,79.2757,-17.3021,9.1698,-11.9518,0.3221
6.2100,-25.9732,79.1949,-17.2718,9.1678,-11.9437,0.3222
6.2110,-25.9581,79.1140,-17.2414,9.1657,-11.9356,0.3223
6.2120,-25.9429,79.0330,-17.2111,9.1636,-11.9274,0.3223
6.2130,-25.9278,78.9521,-17.1808,9.1616,-11.9193,0.3224
6.2140,-25.9126,78.8711,-17.1505,9.1595,-11.9111,0.3225
6.2150,-25.8974,78.7901,-17.1202,9.1574,-11.9029,0.3225
6.2160,-25.8822,78.7090,-17.0900,9.1554,-11.8947,0.3226
6.2170,-25.8669,78.6279,-17.0597,9.1533,-11.8865,0.3227
6.2180,-25.8517,78.5468,-17.0294,9.1512,-11.8783,0.3227
6.2190,-25.8364,78.4656,-16.9992,9.1491,-11.8700,0.3228
6.2200,-25.8211,78.3844,-16.9689,9.1470,-11.8617,0.3228
6.2210,-25.8058,78.3032,-16.9387,9.1449,-11.8535,0.3229
6.2220,-25.7904,78.2219,-16.9084,9.1428,-11.8451,0.3230
6.2230,-25.7751,78.1407,-16.8782,9.1407,-11.8368,0.3230
6.2240,-25.7597,78.0593,-16.8480,9.1386,-11.8284,0.3231
6.2250,-25.7443,77.9780,-16.8177,9.1365,-11.8201,0.3231
6.2260,-25.7289,77.8966,-16.7875,9.1344,-11.8117,0.3232
6.2270,-25.7135,77.8152,-16.7573,9.1323,-11.8033,0.3232
6.2280,-25.6980,77.7337,-16.7271,9.1302,-11.7948,0.3233
6.2290,-25.6826,77.6523,-16.6969,9.1281,-11.7864,0.3233
6.2300,-25.6671,77.5708,-16.6667,9.1260,-11.7779,0.3234
6.2310,-25.6516,77.4892,-16.6366,9.1238,-11.7694,0.3234
6.2320,-25.6360,77.4077,-16.6064,9.1217,-11.7609,0.3235
6.2330,-25.6205,77.3261,-16.5762,9.1196,-11.7524,0.3235
6.2340,-25.6049,77.2444,-16.5461,9.1174,-11.7439,0.3235
6.2350,-25.5894,77.1628,-16.5160,9.1153,-11.7353,0.3236
6.2360,-25.5738,77.0811,-16.4858,9.1132,-11.7267,0.3236
6.2370,-25.5581,76.9994,-16.4557,9.1110,-11.7181,0.3237
6.2380,-25.5425,76.9176,-16.4256,9.1089,-11.7095,0.3237
6.2390,-25.5269,76.8359,-16.3955,9.1067,-11.7008,0.3237
6.2400,-25.5112,76.7541,-16.3654,9.1046,-11.6922,0.3238
6.2410,-25.4955,76.6722,-16.3353,9.1024,-11.6835,0.3238
6.2420,-25.4798,76.5904,-16.3052,9.1003,-11.6748,0.3238
6.2430,-25.4641,76.5085,-16.2751,9.0981,-11.6661,0.3239
6.2440,-25.4483,76.4265,-16.2451,9.0960,-11.6574,0.3239
6.2450,-25.4326,76.3446,-16.2150,9.0938,-11.6486,0.3239
6.2460,-25.4168,76.2626,-16.1849,9.0917,-11.6398,0.3240
6.2470,-25.4010,76.1806,-16.1549,9.0895,-11.6310,0.3240
6.2480,-25.3852,76.0986,-16.1249,9.0873,-11.6222,0.3240
6.2490,-25.3693,76.0165,-16.0949,9.0852,-11.6134,0.3240
6.2500,-25.3535,75.9345,-16.0648,9.0830,-11.6045,0.3241
6.2510,-25.3376,75.8523,-16.0348,9.0808,-11.5957,0.3241
6.2520,-25.3217,75.7702,-16.0048,9.0786,-11.5868,0.3241
6.2530,-25.3058,75.6880,-15.9749,9.0765,-11.5779,0.3241
6.2540,-25.2899,75.6058,-15.9449,9.0743,-11.5690,0.3242
6.2550,-25.2740,75.5236,-15.9149,9.0721,-11.5600,0.3242
6.2560,-25.2580,75.4414,-15.8850,9.0699,-11.5511,0.3242
6.2570,-25.2421,75.3591,-15.8550,9.0677,-11.5421,0.3242
6.2580,-25.2261,75.2768,-15.8251,9.0655,-11.5331,0.3242
6.2590,-25.2101,75.1945,-15.7952,9.0633,-11.5241,0.3242
6.2600,-25.1941,75.1121,-15.7652,9.0612,-11.5150,0.3243
6.2610,-25.1780,75.0298,-15.7353,9.0590,-11.5060,0.3243
6.2620,-25.1620,74.9474,-15.7054,9.0568,-11.4969,0.3243
6.2630,-25.1459,74.8649,-15.6756,9.0546,-11.4878,0.3243
6.2640,-25.1298,74.7825,-15.6457,9.0524,-11.4787,0.3243
6.2650,-25.1137,74.7000,-15.6158,9.0502,-11.4696,0.3243
6.2660,-25.0976,74.6175,-15.5860,9.0480,-11.4604,0.3243
6.2670,-25.0815,74.5350,-15.5561,9.0458,-11.4513,0.3243
6.2680,-25.0653,74.4524,-15.5263,9.0436,-11.4421,0.3243
6.2690,-25.0491,74.3699,-15.4964,9.0414,-11.4329,0.3243
6.2700,-25.0330,74.2873,-15.4666,9.0392,-11.4237,0.3243
6.2710,-25.0168,74.2046,-15.4368,9.0369,-11.4144,0.3243
6.2720,-25.0005,74.1220,-15.4070,9.0347,-11.4052,0.3243
6.2730,-24.9843,74.0393,-15.3773,9.0325,-11.3959,0.3243
6.2740,-24.9681,73.9566,-15.3475,9.0303,-11.3866,0.3243
6.2750,-24.9518,73.8739,-15.3177,9.0281,-11.3773,0.3243
6.2760,-24.9355,73.7912,-15.2880,9.0259,-11.3679,0.3243
6.2770,-24.9192,73.7084,-15.2582,9.0237,-11.3586,0.3243
6.2780,-24.9029,73.6256,-15.2285,9.0214,-11.3492,0.3243
6.2790,-24.8866,73.5428,-15.1988,9.0192,-11.3398,0.3243
6.2800,-24.8703,73.4600,-15.1691,9.0170,-11.3304,0.3243
6.2810,-24.8539,73.3771,-15.1394,9.0148,-11.3210,0.3243
6.2820,-24.8375,73.2943,-15.1097,9.0126,-11.3116,0.3243
6.2830,-24.8212,73.2114,-15.0801,9.0103,-11.3021,0.3243
6.2840,-24.8048,73.1285,-15.0504,9.0081,-11.2926,0.3242
6.2850,-24.7884,73.0455,-15.0208,9.0059,-11.2831,0.3242
6.2860,-24.7719,72.9626,-14.9911,9.0037,-11.2736,0.3242
6.2870,-24.7555,72.8796,-14.9615,9.0014,-11.2641,0.3242
6.2880,-24.7390,72.7966,-14.9319,8.9992,-11.2545,0.3242
6.2890,-24.7225,72.7136,-14.9023,8.9970,-11.2450,0.3242
6.2900,-24.7061,72.6305,-14.8727,8.9948,-11.2354,0.3241
6.2910,-24.6896,72.5474,-14.8432,8.9925,-11.2258,0.3241
6.2920,-24.6730,72.4644,-14.8136,8.9903,-11.2161,0.3241
6.2930,-24.6565,72.3813,-14.7840,8.9881,-11.2065,0.3241
6.2940,-24.6400,72.2981,-14.7545,8.9858,-11.1968,0.3241
6.2950,-24.6234,72.2150,-14.7250,8.9836,-11.1872,0.3240
6.2960,-24.6068,72.1318,-14.6955,8.9814,-11.1775,0.3240
6.2970,-24.5903,72.0486,-14.6660,8.9791,-11.1677,0.3240
6.2980,-24.5737,71.9654,-14.6365,8.9769,-11.1580,0.3239
6.2990,-24.5570,71.8822,-14.6070,8.9747,-11.1483,0.3239
6.3000,-24.5404,71.7990,-14.5776,8.9724,-11.1385,0.3239
6.3010,-24.5238,71.7157,-14.5481,8.9702,-11.1287,0.3239
6.3020,-24.5071,71.6325,-14.5187,8.9680,-11.1189,0.3238
6.3030,-24.4904,71.5492,-14.4893,8.9657,-11.1091,0.3238
6.3040,-24.4738,71.4658,-14.4599,8.9635,-11.0992,0.3237
6.3050,-24.4571,71.3825,-14.4305,8.9612,-11.0894,0.3237
6.3060,-24.4404,71.2992,-14.4011,8.9590,-11.0795,0.3237
6.3070,-24.4236,71.2158,-14.3717,8.9568,-11.0696,0.3236
6.3080,-24.4069,71.1324,-14.3424,8.9545,-11.0597,0.3236
6.3090,-24.3901,71.0490,-14.3130,8.9523,-11.0498,0.3236
6.3100,-24.3734,70.9656,-14.2837,8.9501,-11.0398,0.3235
6.3110,-24.3566,70.8822,-14.2544,8.9478,-11.0299,0.3235
6.3120,-24.3398,70.7987,-14.2251,8.9456,-11.0199,0.3234
6.3130,-24.3230,70.7152,-14.1958,8.9433,-11.0099,0.3234
6.3140,-24.3062,70.6317,-14.1665,8.9411,-10.9999,0.3233
6.3150,-24.2894,70.5482,-14.1373,8.9389,-10.9898,0.3233
6.3160,-24.2725,70.4647,-14.1080,8.9366,-10.9798,0.3232
6.3170,-24.2557,70.3812,-14.0788,8.9344,-10.9697,0.3232
6.3180,-24.2388,70.2976,-14.0496,8.9322,-10.9596,0.3231
6.3190,-24.2219,70.2141,-14.0204,8.9299,-10.9495,0.3231
6.3200,-24.2051,70.1305,-13.9912,8.9277,-10.9394,0.3230
6.3210,-24.1882,70.0469,-13.9620,8.9254,-10.9292,0.3230
6.3220,-24.1712,69.9633,-13.9329,8.9232,-10.9191,0.3229
6.3230,-24.1543,69.8797,-13.9037,8.9210,-10.9089,0.3229
6.3240,-24.1374,69.7960,-13.8746,8.9187,-10.8987,0.3228
6.3250,-24.1204,69.7124,-13.8455,8.9165,-10.8885,0.3228
6.3260,-24.1035,69.6287,-13.8164,8.9143,-10.8783,0.3227
6.3270,-24.0865,69.5450,-13.7873,8.9120,-10.8680,0.3226
6.3280,-24.0695,69.4613,-13.7582,8.9098,-10.8578,0.3226
6.3290,-24.0525,69.3776,-13.7292,8.9076,-10.8475,0.3225
6.3300,-24.0355,69.2939,-13.7001,8.9053,-10.8372,0.3224
6.3310,-24.0185,69.2101,-13.6711,8.9031,-10.8269,0.3224
6.3320,-24.0015,69.1264,-13.6421,8.9009,-10.8165,0.3223
6.3330,-23.9844,69.0426,-13.6131,8.8986,-10.8062,0.3222
6.3340,-23.9674,68.9588,-13.5841,8.8964,-10.7958,0.3222
6.3350,-23.9503,68.8751,-13.5552,8.8942,-10.7854,0.3221
6.3360,-23.9332,68.7913,-13.5262,8.8919,-10.7750,0.3220
6.3370,-23.9161,68.7074,-13.4973,8.8897,-10.7646,0.3220
6.3380,-23.8990,68.6236,-13.4684,8.8875,-10.7542,0.3219
6.3390,-23.8819,68.5398,-13.4395,8.8853,-10.7437,0.3218
6.3400,-23.8648,68.4559,-13.4106,8.8830,-10.7333,0.3217
6.3410,-23.8477,68.3721,-13.3817,8.8808,-10.7228,0.3217
6.3420,-23.8305,68.2882,-13.3529,8.8786,-10.7123,0.3216
6.3430,-23.8134,68.2043,-13.3240,8.8764,-10.7018,0.3215
6.3440,-23.7962,68.1204,-13.2952,8.8741,-10.6912,0.3214
6.3450,-23.7790,68.0365,-13.2664,8.8719,-10.6807,0.3214
6.3460,-23.7619,67.9526,-13.2376,8.8697,-10.6701,0.3213
6.3470,-23.7447,67.8686,-13.2088,8.8675,-10.6595,0.3212
6.3480,-23.7275,67.7847,-13.1801,8.8653,-10.6489,0.3211
6.3490,-23.7102,67.7008,-13.1513,8.8630,-10.6383,0.3210
6.3500,-23.6930,67.6168,-13.1226,8.8608,-10.6276,0.3209
6.3510,-23.6758,67.5328,-13.0939,8.8586,-10.6170,0.3209
6.3520,-23.6585,67.4488,-13.0652,8.8564,-10.6063,0.3208
6.3530,-23.6413,67.3649,-13.0365,8.8542,-10.5956,0.3207
6.3540,-23.6240,67.2809,-13.0079,8.8520,-10.5849,0.3206
6.3550,-23.6067,67.1968,-12.9793,8.8497,-10.5742,0.3205
6.3560,-23.5895,67.1128,-12.9506,8.8475,-10.5635,0.3204
6.3570,-23.5722,67.0288,-12.9220,8.8453,-10.5527,0.3203
6.3580,-23.5549,66.9448,-12.8934,8.8431,-10.5419,0.3202
6.3590,-23.5376,66.8607,-12.8649,8.8409,-10.5311,0.3201
6.3600,-23.5202,66.7767,-12.8363,8.8387,-10.5203,0.3200
6.3610,-23.5029,66.6926,-12.8078,8.8365,-10.5095,0.3199
6.3620,-23.4856,66.6085,-12.7793,8.8343,-10.4987,0.3198
6.3630,-23.4682,66.5245,-12.7507,8.8321,-10.4878,0.3197
6.3640,-23.4508,66.4404,-12.7223,8.8299,-10.4769,0.3196
6.3650,-23.4335,66.3563,-12.6938,8.8277,-10.4661,0.3195
6.3660,-23.4161,66.2722,-12.6653,8.8255,-10.4552,0.3194
6.3670,-23.3987,66.1881,-12.6369,8.8233,-10.4442,0.3193
6.3680,-23.3813,66.1040,-12.6085,8.8211,-10.4333,0.3192
6.3690,-23.3639,66.0199,-12.5801,8.8189,-10.4223,0.3191
6.3700,-23.3465,65.9357,-12.5517,8.8167,-10.4114,0.3190
6.3710,-23.3291,65.8516,-12.5234,8.8146,-10.4004,0.3189
6.3720,-23.3117,65.7675,-12.4950,8.8124,-10.3894,0.3188
6.3730,-23.2942,65.6833,-12.4667,8.8102,-10.3784,0.3187
6.3740,-23.2768,65.5992,-12.4384,8.8080,-10.3673,0.3186
6.3750,-23.2593,65.5150,-12.4101,8.8058,-10.3563,0.3185
6.3760,-23.2419,65.4309,-12.3818,8.8036,-10.3452,0.3183
6.3770,-23.2244,65.3467,-12.3536,8.8015,-10.3341,0.3182
6.3780,-23.2069,65.2625,-12.3254,8.7993,-10.3230,0.3181
6.3790,-23.1894,65.1784,-12.2971,8.7971,-10.3119,0.3180
6.3800,-23.1719,65.0942,-12.2689,8.7949,-10.3008,0.3179
6.3810,-23.1544,65.0100,-12.2408,8.7928,-10.2897,0.3178
6.3820,-23.1369,64.9258,-12.2126,8.7906,-10.2785,0.3176
6.3830,-23.1194,64.8416,-12.1845,8.7884,-10.2673,0.3175
6.3840,-23.1019,64.7574,-12.1563,8.7863,-10.2561,0.3174
6.3850,-23.0843,64.6732,-12.1282,8.7841,-10.2449,0.3173
6.3860,-23.0668,64.5890,-12.1002,8.7820,-10.2337,0.3172
6.3870,-23.0493,64.5048,-12.0721,8.7798,-10.2224,0.3170
6.3880,-23.0317,64.4206,-12.0441,8.7776,-10.2112,0.3169
6.3890,-23.0141,64.3364,-12.0160,8.7755,-10.1999,0.3168
6.3900,-22.9966,64.2522,-11.9880,8.7733,-10.1886,0.3166
6.3910,-22.9790,64.1680,-11.9600,8.7712,-10.1773,0.3165
6.3920,-22.9614,64.0838,-11.9321,8.7690,-10.1660,0.3164
6.3930,-22.9438,63.9995,-11.9041,8.7669,-10.1547,0.3163
6.3940,-22.9262,63.9153,-11.8762,8.7648,-10.1433,0.3161
6.3950,-22.9086,63.8311,-11.8483,8.7626,-10.1320,0.3160
6.3960,-22.8910,63.7469,-11.8204,8.7605,-10.1206,0.3159
6.3970,-22.8734,63.6626,-11.7925,8.7583,-10.1092,0.3157
6.3980,-22.8558,63.5784,-11.7647,8.7562,-10.0978,0.3156
6.3990,-22.8381,63.4942,-11.7369,8.7541,-10.0863,0.3155
6.4000,-22.8205,63.4099,-11.7090,8.7520,-10.0749,0.3153
6.4010,-22.8029,63.3257,-11.6813,8.7498,-10.0634,0.3152
6.4020,-22.7852,63.2415,-11.6535,8.7477,-10.0520,0.3150
6.4030,-22.7676,63.1572,-11.6257,8.7456,-10.0405,0.3149
6.4040,-22.7499,63.0730,-11.5980,8.7435,-10.0290,0.3147
6.4050,-22.7322,62.9888,-11.5703,8.7413,-10.0175,0.3146
6.4060,-22.7146,62.9045,-11.5426,8.7392,-10.0059,0.3145
6.4070,-22.6969,62.8203,-11.5149,8.7371,-9.9944,0.3143
6.4080,-22.6792,62.7361,-11.4873,8.7350,-9.9828,0.3142
6.4090,-22.6615,62.6518,-11.4597,8.7329,-9.9712,0.3140
6.4100,-22.6438,62.5676,-11.4321,8.7308,-9.9596,0.3139
6.4110,-22.6261,62.4834,-11.4045,8.7287,-9.9480,0.3137
6.4120,-22.6084,62.3991,-11.3769,8.7266,-9.9364,0.3136
6.4130,-22.5907,62.3149,-11.3494,8.7245,-9.9248,0.3134
6.4140,-22.5730,62.2307,-11.3219,8.7224,-9.9131,0.3133
6.4150,-22.5552,62.1465,-11.2944,8.7203,-9.9014,0.3131
6.4160,-22.5375,62.0622,-11.2669,8.7182,-9.8898,0.3130
6.4170,-22.5198,61.9780,-11.2394,8.7162,-9.8781,0.3128
6.4180,-22.5020,61.8938,-11.2120,8.7141,-9.8663,0.3126
6.4190,-22.4843,61.8096,-11.1846,8.7120,-9.8546,0.3125
6.4200,-22.4666,61.7254,-11.1572,8.7099,-9.8429,0.3123
6.4210,-22.4488,61.6412,-11.1298,8.7079,-9.8311,0.3122
6.4220,-22.4310,61.5570,-11.1024,8.7058,-9.8193,0.3120
6.4230,-22.4133,61.4728,-11.0751,8.7037,-9.8076,0.3118
6.4240,-22.3955,61.3886,-11.0478,8.7017,-9.7958,0.3117
6.4250,-22.3777,61.3044,-11.0205,8.6996,-9.7839,0.3115
6.4260,-22.3600,61.2202,-10.9933,8.6975,-9.7721,0.3113
6.4270,-22.3422,61.1360,-10.9660,8.6955,-9.7603,0.3112
6.4280,-22.3244,61.0518,-10.9388,8.6934,-9.7484,0.3110
6.4290,-22.3066,60.9676,-10.9116,8.6914,-9.7365,0.3108
6.4300,-22.2888,60.8834,-10.8844,8.6893,-9.7247,0.3107
6.4310,-22.2710,60.7993,-10.8573,8.6873,-9.7128,0.3105
6.4320,-22.2532,60.7151,-10.8301,8.6853,-9.7008,0.3103
6.4330,-22.2354,60.6309,-10.8030,8.6832,-9.6889,0.3102
6.4340,-22.2176,60.5468,-10.7759,8.6812,-9.6770,0.3100
6.4350,-22.1998,60.4626,-10.7489,8.6792,-9.6650,0.3098
6.4360,-22.1820,60.3785,-10.7218,8.6771,-9.6530,0.3096
6.4370,-22.1641,60.2944,-10.6948,8.6751,-9.6411,0.3095
6.4380,-22.1463,60.2102,-10.6678,8.6731,-9.6291,0.3093
6.4390,-22.1285,60.1261,-10.6408,8.6711,-9.6170,0.3091
6.4400,-22.1107,60.0420,-10.6139,8.6691,-9.6050,0.3089
6.4410,-22.0928,59.9579,-10.5869,8.6670,-9.5930,0.3087
6.4420,-22.0750,59.8738,-10.5600,8.6650,-9.5809,0.3086
6.4430,-22.0571,59.7897,-10.5332,8.6630,-9.5688,0.3084
6.4440,-22.0393,59.7056,-10.5063,8.6610,-9.5568,0.3082
6.4450,-22.0214,59.6215,-10.4795,8.6590,-9.5447,0.3080
6.4460,-22.0036,59.5374,-10.4526,8.6570,-9.5326,0.3078
6.4470,-21.9857,59.4533,-10.4259,8.6551,-9.5204,0.3076
6.4480,-21.9679,59.3693,-10.3991,8.6531,-9.5083,0.3074
6.4490,-21.9500,59.2852,-10.3723,8.6511,-9.4961,0.3073
6.4500,-21.9322,59.2012,-10.3456,8.6491,-9.4840,0.3071
6.4510,-21.9143,59.1172,-10.3189,8.6471,-9.4718,0.3069
6.4520,-21.8964,59.0331,-10.2922,8.6452,-9.4596,0.3067
6.4530,-21.8786,58.9491,-10.2656,8.6432,-9.4474,0.3065
6.4540,-21.8607,58.8651,-10.2390,8.6412,-9.4352,0.3063
6.4550,-21.8428,58.7811,-10.2124,8.6393,-9.4229,0.3061
6.4560,-21.8249,58.6971,-10.1858,8.6373,-9.4107,0.3059
6.4570,-21.8070,58.6131,-10.1592,8.6354,-9.3984,0.3057
6.4580,-21.7892,58.5292,-10.1327,8.6334,-9.3862,0.3055
6.4590,-21.7713,58.4452,-10.1062,8.6315,-9.3739,0.3053
6.4600,-21.7534,58.3613,-10.0797,8.6295,-9.3616,0.3051
6.4610,-21.7355,58.2773,-10.0532,8.6276,-9.3493,0.3049
6.4620,-21.7176,58.1934,-10.0268,8.6256,-9.3369,0.3047
6.4630,-21.6997,58.1095,-10.0004,8.6237,-9.3246,0.3045
6.4640,-21.6818,58.0256,-9.9740,8.6218,-9.3123,0.3043
6.4650,-21.6639,57.9417,-9.9476,8.6199,-9.2999,0.3041
6.4660,-21.6460,57.8578,-9.9213,8.6179,-9.2875,0.3039
6.4670,-21.6281,57.7739,-9.8950,8.6160,-9.2751,0.3037
6.4680,-21.6102,57.6901,-9.8687,8.6141,-9.2627,0.3035
6.4690,-21.5923,57.6062,-9.8424,8.6122,-9.2503,0.3033
6.4700,-21.5744,57.5224,-9.8162,8.6103,-9.2379,0.3031
6.4710,-21.5565,57.4385,-9.7900,8.6084,-9.2254,0.3028
6.4720,-21.5386,57.3547,-9.7638,8.6065,-9.2130,0.3026
6.4730,-21.5207,57.2709,-9.7376,8.6046,-9.2005,0.3024
6.4740,-21.5028,57.1872,-9.7115,8.6027,-9.1880,0.3022
6.4750,-21.4849,57.1034,-9.6854,8.6008,-9.1755,0.3020
6.4760,-21.4670,57.0196,-9.6593,8.5989,-9.1630,0.3018
6.4770,-21.4491,56.9359,-9.6332,8.5971,-9.1505,0.3016
6.4780,-21.4312,56.8521,-9.6072,8.5952,-9.1380,0.3013
6.4790,-21.4133,56.7684,-9.5811,8.5933,-9.1255,0.3011
6.4800,-21.3954,56.6847,-9.5552,8.5915,-9.1129,0.3009
6.4810,-21.3775,56.6010,-9.5292,8.5896,-9.1003,0.3007
6.4820,-21.3595,56.5174,-9.5033,8.5877,-9.0878,0.3005
6.4830,-21.3416,56.4337,-9.4773,8.5859,-9.0752,0.3002
6.4840,-21.3237,56.3500,-9.4515,8.5840,-9.0626,0.3000
6.4850,-21.3058,56.2664,-9.4256,8.5822,-9.0499,0.2998
6.4860,-21.2879,56.1828,-9.3998,8.5804,-9.0373,0.2996
6.4870,-21.2700,56.0992,-9.3739,8.5785,-9.0247,0.2993
6.4880,-21.2521,56.0156,-9.3482,8.5767,-9.0120,0.2991
6.4890,-21.2342,55.9320,-9.3224,8.5749,-8.9994,0.2989
6.4900,-21.2163,55.8485,-9.2967,8.5730,-8.9867,0.2986
6.4910,-21.1983,55.7649,-9.2710,8.5712,-8.9740,0.2984
6.4920,-21.1804,55.6814,-9.2453,8.5694,-8.9613,0.2982
6.4930,-21.1625,55.5979,-9.2196,8.5676,-8.9486,0.2979
6.4940,-21.1446,55.5144,-9.1940,8.5658,-8.9359,0.2977
6.4950,-21.1267,55.4310,-9.1684,8.5640,-8.9231,0.2975
6.4960,-21.1088,55.3475,-9.1428,8.5622,-8.9104,0.2972
6.4970,-21.0909,55.2641,-9.1173,8.5604,-8.8976,0.2970
6.4980,-21.0730,55.1807,-9.0918,8.5586,-8.8849,0.2968
6.4990,-21.0551,55.0973,-9.0663,8.5568,-8.8721,0.2965
6.5000,-21.0372,55.0139,-9.0408,8.5550,-8.8593,0.2963
6.5010,-21.0193,54.9305,-9.0153,8.5533,-8.8465,0.2961
6.5020,-21.0014,54.8472,-8.9899,8.5515,-8.8337,0.2958
6.5030,-20.9834,54.7638,-8.9645,8.5497,-8.8208,0.2956
6.5040,-20.9655,54.6805,-8.9392,8.5480,-8.8080,0.2953
6.5050,-20.9476,54.5972,-8.9138,8.5462,-8.7951,0.2951
6.5060,-20.9297,54.5140,-8.8885,8.5445,-8.7823,0.2948
6.5070,-20.9118,54.4307,-8.8633,8.5427,-8.7694,0.2946
6.5080,-20.8940,54.3475,-8.8380,8.5410,-8.7565,0.2943
6.5090,-20.8761,54.2643,-8.8128,8.5392,-8.7436,0.2941
6.5100,-20.8582,54.1811,-8.7876,8.5375,-8.7307,0.2938
6.5110,-20.8403,54.0979,-8.7624,8.5358,-8.7178,0.2936
6.5120,-20.8224,54.0147,-8.7373,8.5340,-8.7049,0.2933
6.5130,-20.8045,53.9316,-8.7121,8.5323,-8.6919,0.2931
6.5140,-20.7866,53.8485,-8.6871,8.5306,-8.6790,0.2928
6.5150,-20.7687,53.7654,-8.6620,8.5289,-8.6660,0.2926
6.5160,-20.7508,53.6823,-8.6370,8.5272,-8.6530,0.2923
6.5170,-20.7330,53.5993,-8.6119,8.5255,-8.6401,0.2921
6.5180,-20.7151,53.5162,-8.5870,8.5238,-8.6271,0.2918
6.5190,-20.6972,53.4332,-8.5620,8.5221,-8.6141,0.2916
6.5200,-20.6793,53.3502,-8.5371,8.5204,-8.6011,0.2913
6.5210,-20.6615,53.2673,-8.5122,8.5187,-8.5880,0.2910
6.5220,-20.6436,53.1843,-8.4873,8.5170,-8.5750,0.2908
6.5230,-20.6257,53.1014,-8.4625,8.5153,-8.5619,0.2905
6.5240,-20.6079,53.0185,-8.4377,8.5137,-8.5489,0.2903
6.5250,-20.5900,52.9356,-8.4129,8.5120,-8.5358,0.2900
6.5260,-20.5722,52.8528,-8.3881,8.5103,-8.5227,0.2897
6.5270,-20.5543,52.7700,-8.3634,8.5087,-8.5096,0.2895
6.5280,-20.5364,52.6872,-8.3387,8.5070,-8.4965,0.2892
6.5290,-20.5186,52.6044,-8.3140,8.5054,-8.4834,0.2889
6.5300,-20.5008,52.5216,-8.2894,8.5038,-8.4703,0.2887
6.5310,-20.4829,52.4389,-8.2648,8.5021,-8.4572,0.2884
6.5320,-20.4651,52.3562,-8.2402,8.5005,-8.4441,0.2881
6.5330,-20.4472,52.2735,-8.2157,8.4989,-8.4309,0.2878
6.5340,-20.4294,52.1908,-8.1911,8.4972,-8.4177,0.2876
6.5350,-20.4116,52.1082,-8.1666,8.4956,-8.4046,0.2873
6.5360,-20.3937,52.0256,-8.1422,8.4940,-8.3914,0.2870
6.5370,-20.3759,51.9430,-8.1177,8.4924,-8.3782,0.2867
6.5380,-20.3581,51.8604,-8.0933,8.4908,-8.3650,0.2865
6.5390,-20.3403,51.7779,-8.0689,8.4892,-8.3518,0.2862
6.5400,-20.3225,51.6954,-8.0446,8.4876,-8.3386,0.2859
6.5410,-20.3047,51.6129,-8.0203,8.4860,-8.3253,0.2856
6.5420,-20.2869,51.5304,-7.9960,8.4844,-8.3121,0.2854
6.5430,-20.2691,51.4480,-7.9717,8.4829,-8.2989,0.2851
6.5440,-20.2513,51.3656,-7.9475,8.4813,-8.2856,0.2848
6.5450,-20.2335,51.2832,-7.9232,8.4797,-8.2723,0.2845
6.5460,-20.2157,51.2009,-7.8991,8.4782,-8.2591,0.2842
6.5470,-20.1979,51.1185,-7.8749,8.4766,-8.2458,0.2839
6.5480,-20.1801,51.0362,-7.8508,8.4750,-8.2325,0.2837
6.5490,-20.1624,50.9540,-7.8267,8.4735,-8.2192,0.2834
6.5500,-20.1446,50.8717,-7.8027,8.4720,-8.2058,0.2831
6.5510,-20.1268,50.7895,-7.7786,8.4704,-8.1925,0.2828
6.5520,-20.1091,50.7073,-7.7546,8.4689,-8.1792,0.2825
6.5530,-20.0913,50.6251,-7.7307,8.4674,-8.1658,0.2822
6.5540,-20.0735,50.5430,-7.7067,8.4658,-8.1525,0.2819
6.5550,-20.0558,50.4609,-7.6828,8.4643,-8.1391,0.2816
6.5560,-20.0381,50.3788,-7.6589,8.4628,-8.1258,0.2813
6.5570,-20.0203,50.2968,-7.6351,8.4613,-8.1124,0.2810
6.5580,-20.0026,50.2148,-7.6113,8.4598,-8.0990,0.2808
6.5590,-19.9849,50.1328,-7.5875,8.4583,-8.0856,0.2805
6.5600,-19.9671,50.0508,-7.5637,8.4568,-8.0722,0.2802
6.5610,-19.9494,49.9689,-7.5400,8.4553,-8.0588,0.2799
6.5620,-19.9317,49.8870,-7.5163,8.4538,-8.0454,0.2796
6.5630,-19.9140,49.8051,-7.4926,8.4524,-8.0319,0.2793
6.5640,-19.8963,49.7233,-7.4690,8.4509,-8.0185,0.2790
6.5650,-19.8786,49.6415,-7.4454,8.4494,-8.0050,0.2787
6.5660,-19.8609,49.5597,-7.4218,8.4480,-7.9916,0.2784
6.5670,-19.8432,49.4779,-7.3983,8.4465,-7.9781,0.2781
6.5680,-19.8256,49.3962,-7.3748,8.4451,-7.9646,0.2778
6.5690,-19.8079,49.3145,-7.3513,8.4436,-7.9512,0.2774
6.5700,-19.7902,49.2329,-7.3278,8.4422,-7.9377,0.2771
6.5710,-19.7726,49.1512,-7.3044,8.4408,-7.9242,0.2768
6.5720,-19.7549,49.0697,-7.2810,8.4393,-7.9107,0.2765
6.5730,-19.7372,48.9881,-7.2576,8.4379,-7.8971,0.2762
6.5740,-19.7196,48.9066,-7.2343,8.4365,-7.8836,0.2759
6.5750,-19.7020,48.8251,-7.2110,8.4351,-7.8701,0.2756
6.5760,-19.6843,48.7436,-7.1878,8.4337,-7.8565,0.2753
6.5770,-19.6667,48.6622,-7.1645,8.4323,-7.8430,0.2750
6.5780,-19.6491,48.5808,-7.1413,8.4309,-7.8294,0.2747
6.5790,-19.6315,48.4994,-7.1181,8.4295,-7.8159,0.2743
6.5800,-19.6139,48.4181,-7.0950,8.4281,-7.8023,0.2740
6.5810,-19.5963,48.3368,-7.0719,8.4267,-7.7887,0.2737
6.5820,-19.5787,48.2555,-7.0488,8.4253,-7.7751,0.2734
6.5830,-19.5611,48.1743,-7.0258,8.4240,-7.7615,0.2731
6.5840,-19.5435,48.0931,-7.0028,8.4226,-7.7479,0.2728
6.5850,-19.5259,48.0119,-6.9798,8.4213,-7.7343,0.2724
6.5860,-19.5084,47.9308,-6.9568,8.4199,-7.7207,0.2721
6.5870,-19.4908,47.8497,-6.9339,8.4186,-7.7071,0.2718
6.5880,-19.4733,47.7686,-6.9110,8.4172,-7.6935,0.2715
6.5890,-19.4557,47.6876,-6.8882,8.4159,-7.6798,0.2712
6.5900,-19.4382,47.6066,-6.8654,8.4145,-7.6662,0.2708
6.5910,-19.4207,47.5257,-6.8426,8.4132,-7.6525,0.2705
6.5920,-19.4031,47.4448,-6.8198,8.4119,-7.6388,0.2702
6.5930,-19.3856,47.3639,-6.7971,8.4106,-7.6252,0.2699
6.5940,-19.3681,47.2830,-6.7744,8.4093,-7.6115,0.2695
6.5950,-19.3506,47.2022,-6.7517,8.4080,-7.5978,0.2692
6.5960,-19.3331,47.1215,-6.7291,8.4067,-7.5841,0.2689
6.5970,-19.3156,47.0407,-6.7065,8.4054,-7.5704,0.2685
6.5980,-19.2982,46.9600,-6.6839,8.4041,-7.5567,0.2682
6.5990,-19.2807,46.8794,-6.6614,8.4028,-7.5430,0.2679
6.6000,-19.2632,46.7987,-6.6389,8.4015,-7.5293,0.2675
6.6010,-19.2458,46.7181,-6.6164,8.4003,-7.5156,0.2672
6.6020,-19.2283,46.6376,-6.5940,8.3990,-7.5018,0.2669
6.6030,-19.2109,46.5571,-6.5716,8.3977,-7.4881,0.2665
6.6040,-19.1935,46.4766,-6.5492,8.3965,-7.4743,0.2662
6.6050,-19.1760,46.3962,-6.5269,8.3952,-7.4606,0.2659
6.6060,-19.1586,46.3158,-6.5046,8.3940,-7.4468,0.2655
6.6070,-19.1412,46.2354,-6.4823,8.3928,-7.4331,0.2652
6.6080,-19.1238,46.1551,-6.4601,8.3915,-7.4193,0.2649
6.6090,-19.1064,46.0748,-6.4379,8.3903,-7.4055,0.2645
6.6100,-19.0891,45.9945,-6.4157,8.3891,-7.3917,0.2642
6.6110,-19.0717,45.9143,-6.3936,8.3879,-7.3779,0.2638
6.6120,-19.0543,45.8342,-6.3715,8.3867,-7.3641,0.2635
6.6130,-19.0370,45.7541,-6.3494,8.3854,-7.3503,0.2631
6.6140,-19.0196,45.6740,-6.3274,8.3843,-7.3365,0.2628
6.6150,-19.0023,45.5939,-6.3054,8.3831,-7.3227,0.2624
6.6160,-18.9850,45.5139,-6.2834,8.3819,-7.3089,0.2621
6.6170,-18.9676,45.4339,-6.2615,8.3807,-7.2950,0.2618
6.6180,-18.9503,45.3540,-6.2396,8.3795,-7.2812,0.2614
6.6190,-18.9330,45.2741,-6.2177,8.3783,-7.2674,0.2611
6.6200,-18.9157,45.1943,-6.1959,8.3772,-7.2535,0.2607
6.6210,-18.8985,45.1145,-6.1741,8.3760,-7.2397,0.2604
6.6220,-18.8812,45.0347,-6.1523,8.3749,-7.2258,0.2600
6.6230,-18.8639,44.9550,-6.1306,8.3737,-7.2119,0.2596
6.6240,-18.8467,44.8753,-6.1089,8.3726,-7.1981,0.2593
6.6250,-18.8294,44.7957,-6.0872,8.3714,-7.1842,0.2589
6.6260,-18.8122,44.7161,-6.0656,8.3703,-7.1703,0.2586
6.6270,-18.7950,44.6366,-6.0440,8.3692,-7.1564,0.2582
6.6280,-18.7778,44.5571,-6.0224,8.3681,-7.1425,0.2579
6.6290,-18.7605,44.4776,-6.0009,8.3670,-7.1286,0.2575
6.6300,-18.7434,44.3982,-5.9794,8.3659,-7.1147,0.2571
6.6310,-18.7262,44.3188,-5.9579,8.3648,-7.1008,0.2568
6.6320,-18.7090,44.2394,-5.9365,8.3637,-7.0869,0.2564
6.6330,-18.6918,44.1602,-5.9151,8.3626,-7.0730,0.2561
6.6340,-18.6747,44.0809,-5.8937,8.3615,-7.0591,0.2557
6.6350,-18.6575,44.0017,-5.8724,8.3604,-7.0451,0.2553
6.6360,-18.6404,43.9225,-5.8511,8.3593,-7.0312,0.2550
6.6370,-18.6233,43.8434,-5.8299,8.3583,-7.0173,0.2546
6.6380,-18.6061,43.7643,-5.8086,8.3572,-7.0033,0.2542
6.6390,-18.5890,43.6853,-5.7875,8.3561,-6.9894,0.2539
6.6400,-18.5719,43.6063,-5.7663,8.3551,-6.9754,0.2535
6.6410,-18.5549,43.5274,-5.7452,8.3541,-6.9615,0.2531
6.6420,-18.5378,43.4485,-5.7241,8.3530,-6.9475,0.2528
6.6430,-18.5207,43.3697,-5.7031,8.3520,-6.9335,0.2524
6.6440,-18.5037,43.2909,-5.6821,8.3510,-6.9196,0.2520
6.6450,-18.4866,43.2121,-5.6611,8.3499,-6.9056,0.2517
6.6460,-18.4696,43.1334,-5.6401,8.3489,-6.8916,0.2513
6.6470,-18.4526,43.0547,-5.6192,8.3479,-6.8776,0.2509
6.6480,-18.4356,42.9761,-5.5984,8.3469,-6.8636,0.2505
6.6490,-18.4186,42.8975,-5.5775,8.3459,-6.8496,0.2502
6.6500,-18.4016,42.8190,-5.5567,8.3449,-6.8356,0.2498
6.6510,-18.3846,42.7405,-5.5360,8.3439,-6.8216,0.2494
6.6520,-18.3676,42.6621,-5.5152,8.3429,-6.8076,0.2490
6.6530,-18.3507,42.5837,-5.4945,8.3420,-6.7936,0.2487
6.6540,-18.3337,42.5054,-5.4739,8.3410,-6.7796,0.2483
6.6550,-18.3168,42.4271,-5.4533,8.3400,-6.7656,0.2479
6.6560,-18.2999,42.3489,-5.4327,8.3391,-6.7515,0.2475
6.6570,-18.2830,42.2707,-5.4121,8.3381,-6.7375,0.2471
6.6580,-18.2661,42.1925,-5.3916,8.3372,-6.7235,0.2467
6.6590,-18.2492,42.1144,-5.3711,8.3362,-6.7094,0.2464
6.6600,-18.2323,42.0364,-5.3507,8.3353,-6.6954,0.2460
6.6610,-18.2155,41.9584,-5.3303,8.3344,-6.6814,0.2456
6.6620,-18.1986,41.8804,-5.3099,8.3335,-6.6673,0.2452
6.6630,-18.1818,41.8025,-5.2896,8.3325,-6.6533,0.2448
6.6640,-18.1649,41.7247,-5.2693,8.3316,-6.6392,0.2444
6.6650,-18.1481,41.6469,-5.2490,8.3307,-6.6251,0.2440
6.6660,-18.1313,41.5691,-5.2288,8.3298,-6.6111,0.2437
6.6670,-18.1145,41.4914,-5.2086,8.3289,-6.5970,0.2433
6.6680,-18.0978,41.4138,-5.1884,8.3280,-6.5829,0.2429
6.6690,-18.0810,41.3362,-5.1683,8.3272,-6.5689,0.2425
6.6700,-18.0642,41.2586,-5.1482,8.3263,-6.5548,0.2421
6.6710,-18.0475,41.1811,-5.1282,8.3254,-6.5407,0.2417
6.6720,-18.0308,41.1037,-5.1082,8.3246,-6.5266,0.2413
6.6730,-18.0141,41.0263,-5.0882,8.3237,-6.5126,0.2409
6.6740,-17.9974,40.9489,-5.0682,8.3228,-6.4985,0.2405
6.6750,-17.9807,40.8717,-5.0483,8.3220,-6.4844,0.2401
6.6760,-17.9640,40.7944,-5.0285,8.3212,-6.4703,0.2397
6.6770,-17.9473,40.7172,-5.0087,8.3203,-6.4562,0.2393
6.6780,-17.9307,40.6401,-4.9889,8.3195,-6.4421,0.2389
6.6790,-17.9140,40.5630,-4.9691,8.3187,-6.4280,0.2385
6.6800,-17.8974,40.4860,-4.9494,8.3179,-6.4139,0.2381
6.6810,-17.8808,40.4090,-4.9297,8.3170,-6.3998,0.2377
6.6820,-17.8642,40.3321,-4.9101,8.3162,-6.3857,0.2373
6.6830,-17.8476,40.2552,-4.8905,8.3154,-6.3715,0.2369
6.6840,-17.8310,40.1784,-4.8709,8.3146,-6.3574,0.2365
6.6850,-17.8145,40.1016,-4.8514,8.3139,-6.3433,0.2361
6.6860,-17.7979,40.0249,-4.8319,8.3131,-6.3292,0.2357
6.6870,-17.7814,39.9482,-4.8124,8.3123,-6.3151,0.2353
6.6880,-17.7648,39.8716,-4.7930,8.3115,-6.3009,0.2349
6.6890,-17.7483,39.7951,-4.7736,8.3108,-6.2868,0.2345
6.6900,-17.7318,39.7186,-4.7542,8.3100,-6.2727,0.2341
6.6910,-17.7154,39.6421,-4.7349,8.3093,-6.2585,0.2336
6.6920,-17.6989,39.5657,-4.7157,8.3085,-6.2444,0.2332
6.6930,-17.6824,39.4894,-4.6964,8.3078,-6.2303,0.2328
6.6940,-17.6660,39.4131,-4.6772,8.3070,-6.2161,0.2324
6.6950,-17.6496,39.3369,-4.6581,8.3063,-6.2020,0.2320
6.6960,-17.6332,39.2607,-4.6389,8.3056,-6.1879,0.2316
6.6970,-17.6168,39.1846,-4.6199,8.3049,-6.1737,0.2312
6.6980,-17.6004,39.1086,-4.6008,8.3042,-6.1596,0.2308
6.6990,-17.5840,39.0326,-4.5818,8.3034,-6.1454,0.2303
6.7000,-17.5676,38.9566,-4.5628,8.3027,-6.1313,0.2299
6.7010,-17.5513,38.8807,-4.5439,8.3021,-6.1171,0.2295
6.7020,-17.5350,38.8049,-4.5250,8.3014,-6.1030,0.2291
6.7030,-17.5187,38.7291,-4.5061,8.3007,-6.0888,0.2287
6.7040,-17.5024,38.6534,-4.4873,8.3000,-6.0746,0.2282
6.7050,-17.4861,38.5777,-4.4685,8.2993,-6.0605,0.2278
6.7060,-17.4698,38.5021,-4.4498,8.2987,-6.0463,0.2274
6.7070,-17.4535,38.4266,-4.4311,8.2980,-6.0322,0.2270
6.7080,-17.4373,38.3511,-4.4124,8.2974,-6.0180,0.2266
6.7090,-17.4211,38.2757,-4.3938,8.2967,-6.0039,0.2261
6.7100,-17.4049,38.2003,-4.3752,8.2961,-5.9897,0.2257
6.7110,-17.3887,38.1250,-4.3566,8.2954,-5.9755,0.2253
6.7120,-17.3725,38.0497,-4.3381,8.2948,-5.9614,0.2249
6.7130,-17.3563,37.9745,-4.3197,8.2942,-5.9472,0.2244
6.7140,-17.3402,37.8994,-4.3012,8.2936,-5.9330,0.2240
6.7150,-17.3240,37.8243,-4.2828,8.2929,-5.9189,0.2236
6.7160,-17.3079,37.7493,-4.2645,8.2923,-5.9047,0.2231
6.7170,-17.2918,37.6744,-4.2461,8.2917,-5.8905,0.2227
6.7180,-17.2757,37.5995,-4.2278,8.2911,-5.8763,0.2223
6.7190,-17.2596,37.5246,-4.2096,8.2906,-5.8622,0.2218
6.7200,-17.2436,37.4498,-4.1914,8.2900,-5.8480,0.2214
6.7210,-17.2275,37.3751,-4.1732,8.2894,-5.8338,0.2210
6.7220,-17.2115,37.3005,-4.1551,8.2888,-5.8197,0.2205
6.7230,-17.1955,37.2259,-4.1370,8.2883,-5.8055,0.2201
6.7240,-17.1795,37.1513,-4.1189,8.2877,-5.7913,0.2197
6.7250,-17.1635,37.0768,-4.1009,8.2872,-5.7771,0.2192
6.7260,-17.1475,37.0024,-4.0830,8.2866,-5.7630,0.2188
6.7270,-17.1315,36.9281,-4.0650,8.2861,-5.7488,0.2184
6.7280,-17.1156,36.8538,-4.0471,8.2855,-5.7346,0.2179
6.7290,-17.0997,36.7796,-4.0293,8.2850,-5.7204,0.2175
6.7300,-17.0838,36.7054,-4.0115,8.2845,-5.7063,0.2170
6.7310,-17.0679,36.6313,-3.9937,8.2840,-5.6921,0.2166
6.7320,-17.0520,36.5572,-3.9759,8.2834,-5.6779,0.2162
6.7330,-17.0361,36.4833,-3.9582,8.2829,-5.6637,0.2157
6.7340,-17.0203,36.4093,-3.9406,8.2824,-5.6495,0.2153
6.7350,-17.0045,36.3355,-3.9229,8.2819,-5.6354,0.2148
6.7360,-16.9887,36.2617,-3.9054,8.2814,-5.6212,0.2144
6.7370,-16.9729,36.1880,-3.8878,8.2810,-5.6070,0.2139
6.7380,-16.9571,36.1143,-3.8703,8.2805,-5.5929,0.2135
6.7390,-16.9413,36.0407,-3.8529,8.2800,-5.5787,0.2130
6.7400,-16.9256,35.9671,-3.8354,8.2795,-5.5645,0.2126
6.7410,-16.9098,35.8937,-3.8180,8.2791,-5.5503,0.2121
6.7420,-16.8941,35.8203,-3.8007,8.2786,-5.5362,0.2117
6.7430,-16.8784,35.7469,-3.7834,8.2782,-5.5220,0.2113
6.7440,-16.8628,35.6736,-3.7661,8.2777,-5.5078,0.2108
6.7450,-16.8471,35.6004,-3.7489,8.2773,-5.4936,0.2103
6.7460,-16.8314,35.5273,-3.7317,8.2769,-5.4795,0.2099
6.7470,-16.8158,35.4542,-3.7146,8.2764,-5.4653,0.2094
6.7480,-16.8002,35.3811,-3.6975,8.2760,-5.4511,0.2090
6.7490,-16.7846,35.3082,-3.6804,8.2756,-5.4370,0.2085
6.7500,-16.7690,35.2353,-3.6634,8.2752,-5.4228,0.2081
6.7510,-16.7535,35.1625,-3.6464,8.2748,-5.4086,0.2076
6.7520,-16.7379,35.0897,-3.6294,8.2744,-5.3945,0.2072
6.7530,-16.7224,35.0170,-3.6125,8.2740,-5.3803,0.2067
6.7540,-16.7069,34.9444,-3.5957,8.2736,-5.3661,0.2062
6.7550,-16.6914,34.8718,-3.5788,8.2732,-5.3520,0.2058
6.7560,-16.6759,34.7993,-3.5620,8.2729,-5.3378,0.2053
6.7570,-16.6604,34.7269,-3.5453,8.2725,-5.3237,0.2049
6.7580,-16.6450,34.6545,-3.5286,8.2721,-5.3095,0.2044
6.7590,-16.6296,34.5822,-3.5119,8.2718,-5.2954,0.2039
6.7600,-16.6142,34.5100,-3.4953,8.2714,-5.2812,0.2035
6.7610,-16.5988,34.4379,-3.4787,8.2711,-5.2671,0.2030
6.7620,-16.5834,34.3658,-3.4622,8.2707,-5.2529,0.2026
6.7630,-16.5680,34.2937,-3.4457,8.2704,-5.2388,0.2021
6.7640,-16.5527,34.2218,-3.4292,8.2701,-5.2246,0.2016
6.7650,-16.5374,34.1499,-3.4128,8.2698,-5.2105,0.2012
6.7660,-16.5221,34.0781,-3.3964,8.2694,-5.1963,0.2007
6.7670,-16.5068,34.0063,-3.3801,8.2691,-5.1822,0.2002
6.7680,-16.4915,33.9347,-3.3638,8.2688,-5.1680,0.1998
6.7690,-16.4763,33.8630,-3.3475,8.2685,-5.1539,0.1993
6.7700,-16.4610,33.7915,-3.3313,8.2682,-5.1398,0.1988
6.7710,-16.4458,33.7200,-3.3151,8.2679,-5.1256,0.1983
6.7720,-16.4306,33.6486,-3.2990,8.2677,-5.1115,0.1979
6.7730,-16.4155,33.5773,-3.2829,8.2674,-5.0974,0.1974
6.7740,-16.4003,33.5060,-3.2668,8.2671,-5.0833,0.1969
6.7750,-16.3852,33.4348,-3.2508,8.2669,-5.0691,0.1965
6.7760,-16.3700,33.3637,-3.2348,8.2666,-5.0550,0.1960
6.7770,-16.3549,33.2927,-3.2189,8.2663,-5.0409,0.1955
6.7780,-16.3398,33.2217,-3.2030,8.2661,-5.0268,0.1950
6.7790,-16.3248,33.1508,-3.1872,8.2658,-5.0127,0.1946
6.7800,-16.3097,33.0799,-3.1713,8.2656,-4.9985,0.1941
6.7810,-16.2947,33.0092,-3.1556,8.2654,-4.9844,0.1936
6.7820,-16.2797,32.9385,-3.1399,8.2652,-4.9703,0.1931
6.7830,-16.2647,32.8678,-3.1242,8.2649,-4.9562,0.1926
6.7840,-16.2497,32.7973,-3.1085,8.2647,-4.9421,0.1922
6.7850,-16.2348,32.7268,-3.0929,8.2645,-4.9280,0.1917
6.7860,-16.2198,32.6564,-3.0774,8.2643,-4.9139,0.1912
6.7870,-16.2049,32.5861,-3.0618,8.2641,-4.8998,0.1907
6.7880,-16.1900,32.5158,-3.0464,8.2639,-4.8858,0.1902
6.7890,-16.1751,32.4456,-3.0309,8.2637,-4.8717,0.1897
6.7900,-16.1603,32.3755,-3.0155,8.2635,-4.8576,0.1893
6.7910,-16.1454,32.3055,-3.0002,8.2634,-4.8435,0.1888
6.7920,-16.1306,32.2355,-2.9849,8.2632,-4.8294,0.1883
6.7930,-16.1158,32.1656,-2.9696,8.2630,-4.8154,0.1878
6.7940,-16.1010,32.0958,-2.9544,8.2629,-4.8013,0.1873
6.7950,-16.0862,32.0260,-2.9392,8.2627,-4.7872,0.1868
6.7960,-16.0715,31.9563,-2.9240,8.2626,-4.7732,0.1863
6.7970,-16.0568,31.8867,-2.9089,8.2624,-4.7591,0.1859
6.7980,-16.0421,31.8172,-2.8939,8.2623,-4.7450,0.1854
6.7990,-16.0274,31.7477,-2.8789,8.2622,-4.7310,0.1849
6.8000,-16.0127,31.6784,-2.8639,8.2620,-4.7169,0.1844
6.8010,-15.9981,31.6091,-2.8489,8.2619,-4.7029,0.1839
6.8020,-15.9834,31.5398,-2.8340,8.2618,-4.6889,0.1834
6.8030,-15.9688,31.4707,-2.8192,8.2617,-4.6748,0.1829
6.8040,-15.9542,31.4016,-2.8044,8.2616,-4.6608,0.1824
6.8050,-15.9397,31.3326,-2.7896,8.2615,-4.6468,0.1819
6.8060,-15.9251,31.2637,-2.7749,8.2614,-4.6327,0.1814
6.8070,-15.9106,31.1948,-2.7602,8.2613,-4.6187,0.1809
6.8080,-15.8961,31.1260,-2.7456,8.2612,-4.6047,0.1804
6.8090,-15.8816,31.0573,-2.7310,8.2612,-4.5907,0.1799
6.8100,-15.8671,30.9887,-2.7164,8.2611,-4.5767,0.1794
6.8110,-15.8526,30.9202,-2.7019,8.2610,-4.5627,0.1789
6.8120,-15.8382,30.8517,-2.6874,8.2610,-4.5487,0.1784
6.8130,-15.8238,30.7833,-2.6730,8.2609,-4.5347,0.1779
6.8140,-15.8094,30.7150,-2.6586,8.2609,-4.5207,0.1774
6.8150,-15.7950,30.6468,-2.6443,8.2608,-4.5067,0.1769
6.8160,-15.7807,30.5786,-2.6300,8.2608,-4.4927,0.1764
6.8170,-15.7664,30.5105,-2.6157,8.2607,-4.4787,0.1759
6.8180,-15.7521,30.4425,-2.6015,8.2607,-4.4648,0.1754
6.8190,-15.7378,30.3746,-2.5873,8.2607,-4.4508,0.1749
6.8200,-15.7235,30.3067,-2.5732,8.2607,-4.4368,0.1744
6.8210,-15.7092,30.2390,-2.5591,8.2607,-4.4229,0.1739
6.8220,-15.6950,30.1713,-2.5451,8.2607,-4.4089,0.1734
6.8230,-15.6808,30.1037,-2.5311,8.2607,-4.3950,0.1729
6.8240,-15.6666,30.0361,-2.5171,8.2607,-4.3810,0.1724
6.8250,-15.6525,29.9687,-2.5032,8.2607,-4.3671,0.1719
6.8260,-15.6383,29.9013,-2.4893,8.2607,-4.3531,0.1714
6.8270,-15.6242,29.8340,-2.4755,8.2607,-4.3392,0.1709
6.8280,-15.6101,29.7668,-2.4617,8.2607,-4.3253,0.1704
6.8290,-15.5960,29.6996,-2.4480,8.2608,-4.3114,0.1698
6.8300,-15.5819,29.6326,-2.4343,8.2608,-4.2974,0.1693
6.8310,-15.5679,29.5656,-2.4206,8.2608,-4.2835,0.1688
6.8320,-15.5539,29.4987,-2.4070,8.2609,-4.2696,0.1683
6.8330,-15.5399,29.4319,-2.3934,8.2609,-4.2557,0.1678
6.8340,-15.5259,29.3652,-2.3799,8.2610,-4.2418,0.1673
6.8350,-15.5119,29.2985,-2.3664,8.2611,-4.2280,0.1668
6.8360,-15.4980,29.2319,-2.3530,8.2611,-4.2141,0.1663
6.8370,-15.4841,29.1654,-2.3396,8.2612,-4.2002,0.1657
6.8380,-15.4702,29.0990,-2.3262,8.2613,-4.1863,0.1652
6.8390,-15.4563,29.0327,-2.3129,8.2614,-4.1725,0.1647
6.8400,-15.4425,28.9664,-2.2996,8.2615,-4.1586,0.1642
6.8410,-15.4286,28.9003,-2.2864,8.2616,-4.1447,0.1637
6.8420,-15.4148,28.8342,-2.2732,8.2617,-4.1309,0.1631
6.8430,-15.4010,28.7682,-2.2601,8.2618,-4.1171,0.1626
6.8440,-15.3873,28.7023,-2.2470,8.2619,-4.1032,0.1621
6.8450,-15.3735,28.6364,-2.2339,8.2620,-4.0894,0.1616
6.8460,-15.3598,28.5707,-2.2209,8.2621,-4.0756,0.1611
6.8470,-15.3461,28.5050,-2.2079,8.2622,-4.0618,0.1605
6.8480,-15.3324,28.4394,-2.1950,8.2624,-4.0479,0.1600
6.8490,-15.3188,28.3739,-2.1821,8.2625,-4.0341,0.1595
6.8500,-15.3051,28.3085,-2.1693,8.2626,-4.0203,0.1590
6.8510,-15.2915,28.2432,-2.1565,8.2628,-4.0065,0.1584
6.8520,-15.2779,28.1779,-2.1438,8.2629,-3.9928,0.1579
6.8530,-15.2644,28.1127,-2.1311,8.2631,-3.9790,0.1574
6.8540,-15.2508,28.0476,-2.1184,8.2633,-3.9652,0.1569
6.8550,-15.2373,27.9826,-2.1058,8.2634,-3.9514,0.1563
6.8560,-15.2238,27.9177,-2.0932,8.2636,-3.9377,0.1558
6.8570,-15.2103,27.8529,-2.0807,8.2638,-3.9239,0.1553
6.8580,-15.1968,27.7881,-2.0682,8.2640,-3.9102,0.1548
6.8590,-15.1834,27.7235,-2.0558,8.2642,-3.8964,0.1542
6.8600,-15.1700,27.6589,-2.0434,8.2643,-3.8827,0.1537
6.8610,-15.1566,27.5944,-2.0310,8.2645,-3.8690,0.1532
6.8620,-15.1432,27.5300,-2.0187,8.2647,-3.8553,0.1526
6.8630,-15.1299,27.4657,-2.0064,8.2650,-3.8415,0.1521
6.8640,-15.1166,27.4014,-1.9942,8.2652,-3.8278,0.1516
6.8650,-15.1033,27.3373,-1.9820,8.2654,-3.8141,0.1510
6.8660,-15.0900,27.2732,-1.9699,8.2656,-3.8005,0.1505
6.8670,-15.0767,27.2093,-1.9578,8.2658,-3.7868,0.1500
6.8680,-15.0635,27.1454,-1.9458,8.2661,-3.7731,0.1494
6.8690,-15.0503,27.0816,-1.9338,8.2663,-3.7594,0.1489
6.8700,-15.0371,27.0178,-1.9218,8.2665,-3.7458,0.1484
6.8710,-15.0239,26.9542,-1.9099,8.2668,-3.7321,0.1478
6.8720,-15.0108,26.8907,-1.8981,8.2671,-3.7185,0.1473
6.8730,-14.9976,26.8272,-1.8862,8.2673,-3.7048,0.1467
6.8740,-14.9846,26.7638,-1.8745,8.2676,-3.6912,0.1462
6.8750,-14.9715,26.7006,-1.8627,8.2678,-3.6776,0.1457
6.8760,-14.9584,26.6374,-1.8510,8.2681,-3.6639,0.1451
6.8770,-14.9454,26.5743,-1.8394,8.2684,-3.6503,0.1446
6.8780,-14.9324,26.5112,-1.8278,8.2687,-3.6367,0.1440
6.8790,-14.9194,26.4483,-1.8162,8.2690,-3.6231,0.1435
6.8800,-14.9064,26.3855,-1.8047,8.2693,-3.6095,0.1430
6.8810,-14.8935,26.3227,-1.7933,8.2696,-3.5960,0.1424
6.8820,-14.8806,26.2601,-1.7818,8.2699,-3.5824,0.1419
6.8830,-14.8677,26.1975,-1.7705,8.2702,-3.5688,0.1413
6.8840,-14.8548,26.1350,-1.7591,8.2705,-3.5553,0.1408
6.8850,-14.8420,26.0726,-1.7478,8.2708,-3.5417,0.1402
6.8860,-14.8292,26.0103,-1.7366,8.2711,-3.5282,0.1397
6.8870,-14.8164,25.9481,-1.7254,8.2714,-3.5147,0.1391
6.8880,-14.8036,25.8860,-1.7143,8.2718,-3.5011,0.1386
6.8890,-14.7908,25.8239,-1.7031,8.2721,-3.4876,0.1381
6.8900,-14.7781,25.7620,-1.6921,8.2724,-3.4741,0.1375
6.8910,-14.7654,25.7001,-1.6811,8.2728,-3.4606,0.1370
6.8920,-14.7527,25.6384,-1.6701,8.2731,-3.4471,0.1364
6.8930,-14.7401,25.5767,-1.6592,8.2735,-3.4336,0.1359
6.8940,-14.7274,25.5151,-1.6483,8.2739,-3.4202,0.1353
6.8950,-14.7148,25.4536,-1.6374,8.2742,-3.4067,0.1348
6.8960,-14.7022,25.3922,-1.6266,8.2746,-3.3933,0.1342
6.8970,-14.6897,25.3309,-1.6159,8.2750,-3.3798,0.1336
6.8980,-14.6771,25.2697,-1.6052,8.2753,-3.3664,0.1331
6.8990,-14.6646,25.2085,-1.5945,8.2757,-3.3529,0.1325
6.9000,-14.6521,25.1475,-1.5839,8.2761,-3.3395,0.1320
6.9010,-14.6397,25.0866,-1.5734,8.2765,-3.3261,0.1314
6.9020,-14.6272,25.0257,-1.5628,8.2769,-3.3127,0.1309
6.9030,-14.6148,24.9649,-1.5524,8.2773,-3.2993,0.1303
6.9040,-14.6024,24.9043,-1.5419,8.2777,-3.2859,0.1298
6.9050,-14.5900,24.8437,-1.5315,8.2781,-3.2726,0.1292
6.9060,-14.5777,24.7832,-1.5212,8.2786,-3.2592,0.1287
6.9070,-14.5654,24.7228,-1.5109,8.2790,-3.2458,0.1281
6.9080,-14.5531,24.6625,-1.5006,8.2794,-3.2325,0.1275
6.9090,-14.5408,24.6023,-1.4904,8.2798,-3.2191,0.1270
6.9100,-14.5285,24.5422,-1.4803,8.2803,-3.2058,0.1264
6.9110,-14.5163,24.4822,-1.4702,8.2807,-3.1925,0.1259
6.9120,-14.5041,24.4223,-1.4601,8.2811,-3.1792,0.1253
6.9130,-14.4919,24.3624,-1.4501,8.2816,-3.1659,0.1247
6.9140,-14.4798,24.3027,-1.4401,8.2821,-3.1526,0.1242
6.9150,-14.4676,24.2431,-1.4302,8.2825,-3.1393,0.1236
6.9160,-14.4555,24.1835,-1.4203,8.2830,-3.1260,0.1230
6.9170,-14.4435,24.1241,-1.4104,8.2834,-3.1128,0.1225
6.9180,-14.4314,24.0647,-1.4006,8.2839,-3.0995,0.1219
6.9190,-14.4194,24.0054,-1.3909,8.2844,-3.0863,0.1214
6.9200,-14.4074,23.9463,-1.3812,8.2849,-3.0730,0.1208
6.9210,-14.3954,23.8872,-1.3715,8.2854,-3.0598,0.1202
6.9220,-14.3834,23.8282,-1.3619,8.2858,-3.0466,0.1197
6.9230,-14.3715,23.7693,-1.3523,8.2863,-3.0334,0.1191
6.9240,-14.3596,23.7105,-1.3428,8.2868,-3.0202,0.1185
6.9250,-14.3477,23.6519,-1.3333,8.2873,-3.0070,0.1180
6.9260,-14.3359,23.5933,-1.3239,8.2878,-2.9938,0.1174
6.9270,-14.3240,23.5348,-1.3145,8.2884,-2.9807,0.1168
6.9280,-14.3122,23.4764,-1.3052,8.2889,-2.9675,0.1162
6.9290,-14.3004,23.4180,-1.2959,8.2894,-2.9544,0.1157
6.9300,-14.2887,23.3598,-1.2866,8.2899,-2.9412,0.1151
6.9310,-14.2769,23.3017,-1.2774,8.2905,-2.9281,0.1145
6.9320,-14.2652,23.2437,-1.2683,8.2910,-2.9150,0.1140
6.9330,-14.2536,23.1858,-1.2592,8.2915,-2.9019,0.1134
6.9340,-14.2419,23.1280,-1.2501,8.2921,-2.8888,0.1128
6.9350,-14.2303,23.0702,-1.2411,8.2926,-2.8757,0.1122
6.9360,-14.2187,23.0126,-1.2321,8.2932,-2.8626,0.1117
6.9370,-14.2071,22.9551,-1.2232,8.2937,-2.8496,0.1111
6.9380,-14.1955,22.8976,-1.2143,8.2943,-2.8365,0.1105
6.9390,-14.1840,22.8403,-1.2055,8.2949,-2.8235,0.1099
6.9400,-14.1725,22.7831,-1.1967,8.2954,-2.8105,0.1094
6.9410,-14.1610,22.7259,-1.1879,8.2960,-2.7974,0.1088
6.9420,-14.1496,22.6689,-1.1792,8.2966,-2.7844,0.1082
6.9430,-14.1381,22.6119,-1.1706,8.2972,-2.7714,0.1076
6.9440,-14.1267,22.5551,-1.1620,8.2977,-2.7584,0.1071
6.9450,-14.1153,22.4984,-1.1534,8.2983,-2.7455,0.1065
6.9460,-14.1040,22.4417,-1.1449,8.2989,-2.7325,0.1059
6.9470,-14.0927,22.3852,-1.1365,8.2995,-2.7195,0.1053
6.9480,-14.0814,22.3287,-1.1280,8.3001,-2.7066,0.1047
6.9490,-14.0701,22.2724,-1.1197,8.3007,-2.6937,0.1042
6.9500,-14.0588,22.2161,-1.1113,8.3013,-2.6808,0.1036
6.9510,-14.0476,22.1600,-1.1031,8.3020,-2.6678,0.1030
6.9520,-14.0364,22.1039,-1.0948,8.3026,-2.6549,0.1024
6.9530,-14.0252,22.0480,-1.0866,8.3032,-2.6421,0.1018
6.9540,-14.0141,21.9921,-1.0785,8.3038,-2.6292,0.1012
6.9550,-14.0030,21.9364,-1.0704,8.3045,-2.6163,0.1007
6.9560,-13.9919,21.8807,-1.0623,8.3051,-2.6035,0.1001
6.9570,-13.9808,21.8252,-1.0543,8.3057,-2.5906,0.0995
6.9580,-13.9698,21.7697,-1.0464,8.3064,-2.5778,0.0989
6.9590,-13.9587,21.7144,-1.0385,8.3070,-2.5650,0.0983
6.9600,-13.9478,21.6591,-1.0306,8.3077,-2.5522,0.0977
6.9610,-13.9368,21.6040,-1.0228,8.3083,-2.5394,0.0972
6.9620,-13.9259,21.5490,-1.0150,8.3090,-2.5266,0.0966
6.9630,-13.9149,21.4940,-1.0073,8.3097,-2.5138,0.0960
6.9640,-13.9041,21.4392,-0.9996,8.3103,-2.5011,0.0954
6.9650,-13.8932,21.3844,-0.9920,8.3110,-2.4883,0.0948
6.9660,-13.8824,21.3298,-0.9844,8.3117,-2.4756,0.0942
6.9670,-13.8715,21.2753,-0.9769,8.3124,-2.4629,0.0936
6.9680,-13.8608,21.2208,-0.9694,8.3131,-2.4501,0.0930
6.9690,-13.8500,21.1665,-0.9619,8.3137,-2.4374,0.0924
6.9700,-13.8393,21.1123,-0.9545,8.3144,-2.4248,0.0918
6.9710,-13.8286,21.0582,-0.9472,8.3151,-2.4121,0.0913
6.9720,-13.8179,21.0041,-0.9399,8.3158,-2.3994,0.0907
6.9730,-13.8073,20.9502,-0.9326,8.3165,-2.3868,0.0901
6.9740,-13.7966,20.8964,-0.9254,8.3173,-2.3741,0.0895
6.9750,-13.7860,20.8427,-0.9183,8.3180,-2.3615,0.0889
6.9760,-13.7755,20.7891,-0.9111,8.3187,-2.3489,0.0883
6.9770,-13.7649,20.7356,-0.9041,8.3194,-2.3363,0.0877
6.9780,-13.7544,20.6822,-0.8971,8.3201,-2.3237,0.0871
6.9790,-13.7439,20.6289,-0.8901,8.3209,-2.3111,0.0865
6.9800,-13.7334,20.5757,-0.8832,8.3216,-2.2986,0.0859
6.9810,-13.7230,20.5226,-0.8763,8.3223,-2.2860,0.0853
6.9820,-13.7126,20.4696,-0.8694,8.3231,-2.2735,0.0847
6.9830,-13.7022,20.4167,-0.8626,8.3238,-2.2609,0.0841
6.9840,-13.6919,20.3640,-0.8559,8.3246,-2.2484,0.0835
6.9850,-13.6815,20.3113,-0.8492,8.3253,-2.2359,0.0829
6.9860,-13.6712,20.2587,-0.8426,8.3261,-2.2234,0.0823
6.9870,-13.6609,20.2063,-0.8360,8.3268,-2.2110,0.0817
6.9880,-13.6507,20.1539,-0.8294,8.3276,-2.1985,0.0811
6.9890,-13.6405,20.1016,-0.8229,8.3284,-2.1860,0.0805
6.9900,-13.6303,20.0495,-0.8164,8.3291,-2.1736,0.0799
6.9910,-13.6201,19.9975,-0.8100,8.3299,-2.1612,0.0793
6.9920,-13.6100,19.9455,-0.8037,8.3307,-2.1488,0.0787
6.9930,-13.5998,19.8937,-0.7973,8.3315,-2.1364,0.0781
6.9940,-13.5898,19.8420,-0.7911,8.3323,-2.1240,0.0775
6.9950,-13.5797,19.7904,-0.7848,8.3330,-2.1116,0.0769
6.9960,-13.5697,19.7388,-0.7787,8.3338,-2.0993,0.0763
6.9970,-13.5597,19.6874,-0.7725,8.3346,-2.0869,0.0757
6.9980,-13.5497,19.6361,-0.7665,8.3354,-2.0746,0.0751
6.9990,-13.5397,19.5850,-0.7604,8.3362,-2.0623,0.0745
7.0000,-13.5298,19.5339,-0.7544,8.3370,-2.0500,0.0739
7.0010,-13.5199,19.4829,-0.7485,8.3379,-2.0377,0.0733
7.0020,-13.5100,19.4320,-0.7426,8.3387,-2.0254,0.0727
7.0030,-13.5002,19.3813,-0.7367,8.3395,-2.0132,0.0721
7.0040,-13.4904,19.3306,-0.7309,8.3404,-2.0011,0.0715
7.0050,-13.4806,19.2801,-0.7252,8.3412,-1.9890,0.0710
7.0060,-13.4708,19.2296,-0.7195,8.3421,-1.9770,0.0704
7.0070,-13.4611,19.1793,-0.7138,8.3431,-1.9651,0.0698
7.0080,-13.4514,19.1291,-0.7082,8.3440,-1.9533,0.0693
7.0090,-13.4417,19.0789,-0.7026,8.3450,-1.9415,0.0687
7.0100,-13.4321,19.0289,-0.6971,8.3459,-1.9299,0.0682
7.0110,-13.4224,18.9790,-0.6916,8.3470,-1.9183,0.0676
7.0120,-13.4128,18.9292,-0.6861,8.3480,-1.9068,0.0671
7.0130,-13.4033,18.8795,-0.6807,8.3491,-1.8954,0.0665
7.0140,-13.3937,18.8300,-0.6754,8.3501,-1.8841,0.0660
7.0150,-13.3842,18.7805,-0.6700,8.3513,-1.8729,0.0655
7.0160,-13.3747,18.7311,-0.6648,8.3524,-1.8618,0.0650
7.0170,-13.3653,18.6819,-0.6595,8.3535,-1.8507,0.0645
7.0180,-13.3558,18.6327,-0.6543,8.3547,-1.8398,0.0640
7.0190,-13.3464,18.5837,-0.6492,8.3559,-1.8289,0.0635
7.0200,-13.3370,18.5348,-0.6441,8.3571,-1.8181,0.0630
7.0210,-13.3277,18.4859,-0.6390,8.3584,-1.8074,0.0625
7.0220,-13.3184,18.4372,-0.6340,8.3596,-1.7967,0.0620
7.0230,-13.3091,18.3886,-0.6290,8.3609,-1.7861,0.0615
7.0240,-13.2998,18.3401,-0.6240,8.3622,-1.7756,0.0610
7.0250,-13.2906,18.2917,-0.6191,8.3635,-1.7652,0.0605
7.0260,-13.2814,18.2434,-0.6142,8.3649,-1.7548,0.0601
7.0270,-13.2722,18.1952,-0.6094,8.3662,-1.7445,0.0596
7.0280,-13.2630,18.1472,-0.6046,8.3676,-1.7342,0.0591
7.0290,-13.2539,18.0992,-0.5998,8.3690,-1.7240,0.0587
7.0300,-13.2448,18.0513,-0.5951,8.3703,-1.7139,0.0582
7.0310,-13.2357,18.0036,-0.5904,8.3717,-1.7038,0.0578
7.0320,-13.2266,17.9559,-0.5858,8.3732,-1.6938,0.0574
7.0330,-13.2176,17.9084,-0.5812,8.3746,-1.6838,0.0569
7.0340,-13.2086,17.8609,-0.5766,8.3760,-1.6738,0.0565
7.0350,-13.1996,17.8136,-0.5721,8.3775,-1.6639,0.0561
7.0360,-13.1907,17.7664,-0.5676,8.3789,-1.6541,0.0556
7.0370,-13.1818,17.7192,-0.5631,8.3804,-1.6443,0.0552
7.0380,-13.1729,17.6722,-0.5587,8.3819,-1.6345,0.0548
7.0390,-13.1640,17.6253,-0.5543,8.3833,-1.6248,0.0544
7.0400,-13.1552,17.5785,-0.5499,8.3848,-1.6151,0.0540
7.0410,-13.1464,17.5318,-0.5456,8.3863,-1.6054,0.0536
7.0420,-13.1376,17.4852,-0.5413,8.3878,-1.5958,0.0532
7.0430,-13.1288,17.4387,-0.5370,8.3893,-1.5862,0.0528
7.0440,-13.1201,17.3923,-0.5328,8.3909,-1.5766,0.0524
7.0450,-13.1114,17.3460,-0.5286,8.3924,-1.5671,0.0520
7.0460,-13.1027,17.2998,-0.5245,8.3939,-1.5576,0.0517
7.0470,-13.0940,17.2537,-0.5203,8.3954,-1.5481,0.0513
7.0480,-13.0854,17.2077,-0.5162,8.3970,-1.5386,0.0509
7.0490,-13.0768,17.1618,-0.5122,8.3985,-1.5292,0.0505
7.0500,-13.0682,17.1160,-0.5082,8.4001,-1.5198,0.0502
7.0510,-13.0597,17.0704,-0.5042,8.4016,-1.5105,0.0498
7.0520,-13.0512,17.0248,-0.5002,8.4032,-1.5011,0.0495
7.0530,-13.0427,16.9793,-0.4963,8.4047,-1.4918,0.0491
7.0540,-13.0342,16.9339,-0.4924,8.4063,-1.4825,0.0488
7.0550,-13.0257,16.8887,-0.4885,8.4079,-1.4733,0.0484
7.0560,-13.0173,16.8435,-0.4847,8.4095,-1.4640,0.0481
7.0570,-13.0089,16.7984,-0.4809,8.4110,-1.4548,0.0477
7.0580,-13.0006,16.7534,-0.4771,8.4126,-1.4456,0.0474
7.0590,-12.9922,16.7086,-0.4733,8.4142,-1.4364,0.0471
7.0600,-12.9839,16.6638,-0.4696,8.4158,-1.4273,0.0468
7.0610,-12.9756,16.6191,-0.4659,8.4174,-1.4181,0.0464
7.0620,-12.9673,16.5745,-0.4623,8.4190,-1.4090,0.0461
7.0630,-12.9591,16.5301,-0.4587,8.4206,-1.3999,0.0458
7.0640,-12.9509,16.4857,-0.4551,8.4222,-1.3908,0.0455
7.0650,-12.9427,16.4414,-0.4515,8.4238,-1.3818,0.0452
7.0660,-12.9345,16.3972,-0.4479,8.4254,-1.3727,0.0449
7.0670,-12.9264,16.3532,-0.4444,8.4270,-1.3637,0.0446
7.0680,-12.9182,16.3092,-0.4409,8.4286,-1.3547,0.0443
7.0690,-12.9101,16.2653,-0.4375,8.4302,-1.3458,0.0440
7.0700,-12.9021,16.2215,-0.4341,8.4318,-1.3368,0.0437
7.0710,-12.8940,16.1778,-0.4307,8.4334,-1.3279,0.0434
7.0720,-12.8860,16.1342,-0.4273,8.4350,-1.3190,0.0431
7.0730,-12.8780,16.0907,-0.4239,8.4367,-1.3101,0.0429
7.0740,-12.8701,16.0473,-0.4206,8.4383,-1.3012,0.0426
7.0750,-12.8621,16.0040,-0.4173,8.4399,-1.2923,0.0423
7.0760,-12.8542,15.9608,-0.4141,8.4416,-1.2835,0.0420
7.0770,-12.8463,15.9177,-0.4108,8.4432,-1.2746,0.0418
7.0780,-12.8384,15.8747,-0.4076,8.4448,-1.2658,0.0415
7.0790,-12.8306,15.8318,-0.4044,8.4465,-1.2570,0.0412
7.0800,-12.8227,15.7890,-0.4013,8.4481,-1.2483,0.0410
7.0810,-12.8149,15.7463,-0.3981,8.4497,-1.2395,0.0407
7.0820,-12.8072,15.7036,-0.3950,8.4514,-1.2308,0.0405
7.0830,-12.7994,15.6611,-0.3919,8.4530,-1.2221,0.0402
7.0840,-12.7917,15.6186,-0.3889,8.4547,-1.2134,0.0400
7.0850,-12.7840,15.5763,-0.3858,8.4563,-1.2047,0.0398
7.0860,-12.7763,15.5340,-0.3828,8.4580,-1.1960,0.0395
7.0870,-12.7687,15.4919,-0.3798,8.4596,-1.1874,0.0393
7.0880,-12.7610,15.4498,-0.3769,8.4613,-1.1787,0.0390
7.0890,-12.7534,15.4078,-0.3739,8.4630,-1.1701,0.0388
7.0900,-12.7458,15.3660,-0.3710,8.4646,-1.1615,0.0386
7.0910,-12.7383,15.3242,-0.3681,8.4663,-1.1530,0.0384
7.0920,-12.7307,15.2825,-0.3653,8.4680,-1.1444,0.0381
7.0930,-12.7232,15.2409,-0.3624,8.4696,-1.1359,0.0379
7.0940,-12.7157,15.1994,-0.3596,8.4713,-1.1273,0.0377
7.0950,-12.7083,15.1580,-0.3568,8.4730,-1.1188,0.0375
7.0960,-12.7008,15.1166,-0.3540,8.4747,-1.1103,0.0373
7.0970,-12.6934,15.0754,-0.3513,8.4763,-1.1019,0.0371
7.0980,-12.6860,15.0343,-0.3486,8.4780,-1.0934,0.0369
7.0990,-12.6786,14.9932,-0.3459,8.4797,-1.0850,0.0367
7.1000,-12.6713,14.9522,-0.3432,8.4814,-1.0765,0.0365
7.1010,-12.6640,14.9114,-0.3405,8.4831,-1.0681,0.0363
7.1020,-12.6567,14.8706,-0.3379,8.4848,-1.0597,0.0361
7.1030,-12.6494,14.8299,-0.3352,8.4865,-1.0514,0.0359
7.1040,-12.6421,14.7893,-0.3326,8.4882,-1.0430,0.0357
7.1050,-12.6349,14.7488,-0.3301,8.4899,-1.0347,0.0355
7.1060,-12.6277,14.7084,-0.3275,8.4916,-1.0264,0.0353
7.1070,-12.6205,14.6681,-0.3250,8.4933,-1.0181,0.0352
7.1080,-12.6133,14.6278,-0.3225,8.4950,-1.0098,0.0350
7.1090,-12.6062,14.5877,-0.3200,8.4967,-1.0015,0.0348
7.1100,-12.5991,14.5476,-0.3175,8.4984,-0.9932,0.0346
7.1110,-12.5920,14.5077,-0.3150,8.5001,-0.9850,0.0345
7.1120,-12.5849,14.4678,-0.3126,8.5018,-0.9768,0.0343
7.1130,-12.5779,14.4280,-0.3102,8.5035,-0.9686,0.0341
7.1140,-12.5708,14.3883,-0.3078,8.5052,-0.9604,0.0340
7.1150,-12.5638,14.3487,-0.3054,8.5070,-0.9522,0.0338
7.1160,-12.5568,14.3091,-0.3031,8.5087,-0.9441,0.0337
7.1170,-12.5499,14.2697,-0.3007,8.5104,-0.9359,0.0335
7.1180,-12.5429,14.2303,-0.2984,8.5121,-0.9278,0.0333
7.1190,-12.5360,14.1911,-0.2961,8.5139,-0.9197,0.0332
7.1200,-12.5291,14.1519,-0.2938,8.5156,-0.9116,0.0330
7.1210,-12.5223,14.1128,-0.2916,8.5173,-0.9035,0.0329
7.1220,-12.5154,14.0738,-0.2893,8.5191,-0.8955,0.0328
7.1230,-12.5086,14.0349,-0.2871,8.5208,-0.8874,0.0326
7.1240,-12.5018,13.9960,-0.2849,8.5226,-0.8794,0.0325
7.1250,-12.4950,13.9573,-0.2827,8.5243,-0.8714,0.0323
7.1260,-12.4882,13.9186,-0.2806,8.5260,-0.8634,0.0322
7.1270,-12.4815,13.8801,-0.2784,8.5278,-0.8554,0.0321
7.1280,-12.4748,13.8416,-0.2763,8.5295,-0.8475,0.0319
7.1290,-12.4681,13.8032,-0.2742,8.5313,-0.8395,0.0318
7.1300,-12.4614,13.7648,-0.2721,8.5331,-0.8316,0.0317
7.1310,-12.4547,13.7266,-0.2700,8.5348,-0.8237,0.0315
7.1320,-12.4481,13.6885,-0.2679,8.5366,-0.8158,0.0314
7.1330,-12.4415,13.6504,-0.2659,8.5383,-0.8079,0.0313
7.1340,-12.4349,13.6124,-0.2639,8.5401,-0.8001,0.0312
7.1350,-12.4283,13.5745,-0.2619,8.5419,-0.7922,0.0311
7.1360,-12.4218,13.5367,-0.2599,8.5436,-0.7844,0.0310
7.1370,-12.4153,13.4990,-0.2579,8.5454,-0.7766,0.0308
7.1380,-12.4088,13.4613,-0.2559,8.5472,-0.7688,0.0307
7.1390,-12.4023,13.4238,-0.2540,8.5490,-0.7610,0.0306
7.1400,-12.3958,13.3863,-0.2521,8.5507,-0.7532,0.0305
7.1410,-12.3894,13.3489,-0.2502,8.5525,-0.7455,0.0304
7.1420,-12.3830,13.3116,-0.2483,8.5543,-0.7377,0.0303
7.1430,-12.3766,13.2743,-0.2464,8.5561,-0.7300,0.0302
7.1440,-12.3702,13.2372,-0.2445,8.5579,-0.7223,0.0301
7.1450,-12.3639,13.2001,-0.2427,8.5597,-0.7146,0.0300
7.1460,-12.3575,13.1631,-0.2408,8.5615,-0.7069,0.0299
7.1470,-12.3512,13.1262,-0.2390,8.5632,-0.6993,0.0298
7.1480,-12.3449,13.0894,-0.2372,8.5650,-0.6916,0.0297
7.1490,-12.3387,13.0527,-0.2354,8.5668,-0.6840,0.0296
7.1500,-12.3324,13.0160,-0.2337,8.5686,-0.6764,0.0295
7.1510,-12.3262,12.9795,-0.2319,8.5704,-0.6688,0.0294
7.1520,-12.3200,12.9430,-0.2302,8.5722,-0.6612,0.0294
7.1530,-12.3138,12.9065,-0.2284,8.5741,-0.6536,0.0293
7.1540,-12.3076,12.8702,-0.2267,8.5759,-0.6461,0.0292
7.1550,-12.3015,12.8340,-0.2250,8.5777,-0.6385,0.0291
7.1560,-12.2953,12.7978,-0.2233,8.5795,-0.6310,0.0290
7.1570,-12.2892,12.7617,-0.2217,8.5813,-0.6235,0.0290
7.1580,-12.2832,12.7257,-0.2200,8.5831,-0.6160,0.0289
7.1590,-12.2771,12.6897,-0.2184,8.5850,-0.6085,0.0288
7.1600,-12.2710,12.6539,-0.2168,8.5868,-0.6011,0.0287
7.1610,-12.2650,12.6181,-0.2151,8.5886,-0.5936,0.0287
7.1620,-12.2590,12.5824,-0.2135,8.5904,-0.5862,0.0286
7.1630,-12.2530,12.5468,-0.2120,8.5923,-0.5788,0.0285
7.1640,-12.2471,12.5112,-0.2104,8.5941,-0.5714,0.0285
7.1650,-12.2411,12.4758,-0.2088,8.5959,-0.5640,0.0284
7.1660,-12.2352,12.4404,-0.2073,8.5978,-0.5566,0.0283
7.1670,-12.2293,12.4051,-0.2057,8.5996,-0.5493,0.0283
7.1680,-12.2234,12.3699,-0.2042,8.6014,-0.5419,0.0282
7.1690,-12.2176,12.3347,-0.2027,8.6033,-0.5346,0.0281
7.1700,-12.2117,12.2997,-0.2012,8.6051,-0.5273,0.0281
7.1710,-12.2059,12.2647,-0.1997,8.6070,-0.5200,0.0280
7.1720,-12.2001,12.2297,-0.1983,8.6088,-0.5127,0.0280
7.1730,-12.1943,12.1949,-0.1968,8.6107,-0.5054,0.0279
7.1740,-12.1886,12.1601,-0.1954,8.6125,-0.4982,0.0279
7.1750,-12.1828,12.1255,-0.1940,8.6144,-0.4909,0.0278
7.1760,-12.1771,12.0909,-0.1925,8.6162,-0.4837,0.0278
7.1770,-12.1714,12.0563,-0.1911,8.6181,-0.4765,0.0277
7.1780,-12.1657,12.0219,-0.1897,8.6200,-0.4693,0.0277
7.1790,-12.1600,11.9875,-0.1884,8.6218,-0.4621,0.0276
7.1800,-12.1544,11.9532,-0.1870,8.6237,-0.4550,0.0276
7.1810,-12.1488,11.9190,-0.1856,8.6256,-0.4478,0.0276
7.1820,-12.1432,11.8848,-0.1843,8.6274,-0.4407,0.0275
7.1830,-12.1376,11.8507,-0.1829,8.6293,-0.4335,0.0275
7.1840,-12.1320,11.8167,-0.1816,8.6312,-0.4264,0.0274
7.1850,-12.1265,11.7828,-0.1803,8.6331,-0.4193,0.0274
7.1860,-12.1209,11.7489,-0.1790,8.6349,-0.4122,0.0274
7.1870,-12.1154,11.7152,-0.1777,8.6368,-0.4052,0.0273
7.1880,-12.1099,11.6815,-0.1764,8.6387,-0.3981,0.0273
7.1890,-12.1045,11.6478,-0.1752,8.6406,-0.3911,0.0273
7.1900,-12.0990,11.6143,-0.1739,8.6425,-0.3841,0.0272
7.1910,-12.0936,11.5808,-0.1727,8.6444,-0.3770,0.0272
7.1920,-12.0882,11.5474,-0.1714,8.6463,-0.3700,0.0272
7.1930,-12.0828,11.5141,-0.1702,8.6482,-0.3631,0.0271
7.1940,-12.0774,11.4808,-0.1690,8.6501,-0.3561,0.0271
7.1950,-12.0720,11.4476,-0.1678,8.6520,-0.3491,0.0271
7.1960,-12.0667,11.4145,-0.1666,8.6539,-0.3422,0.0271
7.1970,-12.0614,11.3815,-0.1654,8.6558,-0.3353,0.0271
7.1980,-12.0561,11.3485,-0.1643,8.6577,-0.3283,0.0270
7.1990,-12.0508,11.3156,-0.1631,8.6596,-0.3214,0.0270
7.2000,-12.0455,11.2828,-0.1620,8.6615,-0.3146,0.0270
7.2010,-12.0403,11.2500,-0.1608,8.6634,-0.3077,0.0270
7.2020,-12.0350,11.2173,-0.1597,8.6653,-0.3008,0.0270
7.2030,-12.0298,11.1847,-0.1586,8.6672,-0.2940,0.0269
7.2040,-12.0246,11.1522,-0.1575,8.6692,-0.2871,0.0269
7.2050,-12.0195,11.1197,-0.1564,8.6711,-0.2803,0.0269
7.2060,-12.0143,11.0874,-0.1553,8.6730,-0.2735,0.0269
7.2070,-12.0092,11.0550,-0.1542,8.6749,-0.2667,0.0269
7.2080,-12.0041,11.0228,-0.1531,8.6768,-0.2599,0.0269
7.2090,-11.9990,10.9906,-0.1521,8.6788,-0.2532,0.0269
7.2100,-11.9939,10.9585,-0.1510,8.6807,-0.2464,0.0269
7.2110,-11.9888,10.9265,-0.1500,8.6826,-0.2397,0.0269
7.2120,-11.9838,10.8945,-0.1489,8.6846,-0.2330,0.0269
7.2130,-11.9788,10.8626,-0.1479,8.6865,-0.2263,0.0268
7.2140,-11.9738,10.8308,-0.1469,8.6884,-0.2196,0.0268
7.2150,-11.9688,10.7990,-0.1459,8.6904,-0.2129,0.0268
7.2160,-11.9638,10.7674,-0.1449,8.6923,-0.2062,0.0268
7.2170,-11.9588,10.7357,-0.1439,8.6943,-0.1995,0.0268
7.2180,-11.9539,10.7042,-0.1429,8.6962,-0.1929,0.0268
7.2190,-11.9490,10.6727,-0.1420,8.6982,-0.1863,0.0268
7.2200,-11.9441,10.6413,-0.1410,8.7001,-0.1796,0.0268
7.2210,-11.9392,10.6100,-0.1400,8.7021,-0.1730,0.0268
7.2220,-11.9344,10.5787,-0.1391,8.7040,-0.1665,0.0268
7.2230,-11.9295,10.5475,-0.1382,8.7060,-0.1599,0.0269
7.2240,-11.9247,10.5164,-0.1372,8.7079,-0.1533,0.0269
7.2250,-11.9199,10.4853,-0.1363,8.7099,-0.1468,0.0269
7.2260,-11.9151,10.4543,-0.1354,8.7119,-0.1402,0.0269
7.2270,-11.9103,10.4234,-0.1345,8.7138,-0.1337,0.0269
7.2280,-11.9055,10.3925,-0.1336,8.7158,-0.1272,0.0269
7.2290,-11.9008,10.3618,-0.1327,8.7178,-0.1207,0.0269
7.2300,-11.8961,10.3310,-0.1318,8.7197,-0.1142,0.0269
7.2310,-11.8914,10.3004,-0.1310,8.7217,-0.1077,0.0269
7.2320,-11.8867,10.2698,-0.1301,8.7237,-0.1012,0.0269
7.2330,-11.8820,10.2393,-0.1293,8.7257,-0.0948,0.0269
7.2340,-11.8774,10.2088,-0.1284,8.7276,-0.0884,0.0270
7.2350,-11.8727,10.1784,-0.1276,8.7296,-0.0819,0.0270
7.2360,-11.8681,10.1481,-0.1267,8.7316,-0.0755,0.0270
7.2370,-11.8635,10.1179,-0.1259,8.7336,-0.0691,0.0270
7.2380,-11.8589,10.0877,-0.1251,8.7356,-0.0627,0.0270
7.2390,-11.8544,10.0576,-0.1243,8.7376,-0.0564,0.0270
7.2400,-11.8498,10.0275,-0.1235,8.7396,-0.0500,0.0271
7.2410,-11.8453,9.9975,-0.1227,8.7416,-0.0437,0.0271
7.2420,-11.8408,9.9676,-0.1219,8.7436,-0.0373,0.0271
7.2430,-11.8363,9.9377,-0.1211,8.7456,-0.0310,0.0271
7.2440,-11.8318,9.9079,-0.1204,8.7476,-0.0247,0.0271
7.2450,-11.8273,9.8782,-0.1196,8.7496,-0.0184,0.0272
7.2460,-11.8229,9.8486,-0.1189,8.7516,-0.0121,0.0272
7.2470,-11.8184,9.8190,-0.1181,8.7536,-0.0058,0.0272
7.2480,-11.8140,9.7894,-0.1174,8.7556,0.0004,0.0272
7.2490,-11.8096,9.7600,-0.1166,8.7576,0.0067,0.0273
7.2500,-11.8053,9.7306,-0.1159,8.7596,0.0129,0.0273
7.2510,-11.8009,9.7012,-0.1152,8.7616,0.0192,0.0273
7.2520,-11.7965,9.6720,-0.1145,8.7636,0.0254,0.0273
7.2530,-11.7922,9.6428,-0.1138,8.7656,0.0316,0.0274
7.2540,-11.7879,9.6136,-0.1131,8.7676,0.0378,0.0274
7.2550,-11.7836,9.5845,-0.1124,8.7697,0.0439,0.0274
7.2560,-11.7793,9.5555,-0.1117,8.7717,0.0501,0.0275
7.2570,-11.7751,9.5266,-0.1110,8.7737,0.0562,0.0275
7.2580,-11.7708,9.4977,-0.1103,8.7757,0.0624,0.0275
7.2590,-11.7666,9.4689,-0.1096,8.7778,0.0685,0.0276
7.2600,-11.7624,9.4401,-0.1090,8.7798,0.0746,0.0276
7.2610,-11.7582,9.4114,-0.1083,8.7818,0.0807,0.0276
7.2620,-11.7540,9.3828,-0.1077,8.7839,0.0868,0.0277
7.2630,-11.7498,9.3542,-0.1070,8.7859,0.0929,0.0277
7.2640,-11.7457,9.3257,-0.1064,8.7879,0.0990,0.0277
7.2650,-11.7415,9.2972,-0.1058,8.7900,0.1050,0.0278
7.2660,-11.7374,9.2689,-0.1051,8.7920,0.1111,0.0278
7.2670,-11.7333,9.2405,-0.1045,8.7941,0.1171,0.0278
7.2680,-11.7292,9.2123,-0.1039,8.7961,0.1231,0.0279
7.2690,-11.7252,9.1841,-0.1033,8.7982,0.1291,0.0279
7.2700,-11.7211,9.1559,-0.1027,8.8002,0.1351,0.0279
7.2710,-11.7171,9.1279,-0.1021,8.8023,0.1411,0.0280
7.2720,-11.7130,9.0999,-0.1015,8.8043,0.1471,0.0280
7.2730,-11.7090,9.0719,-0.1009,8.8064,0.1530,0.0281
7.2740,-11.7051,9.0440,-0.1004,8.8084,0.1590,0.0281
7.2750,-11.7011,9.0162,-0.0998,8.8105,0.1649,0.0281
7.2760,-11.6971,8.9884,-0.0992,8.8125,0.1708,0.0282
7.2770,-11.6932,8.9607,-0.0987,8.8146,0.1768,0.0282
7.2780,-11.6893,8.9331,-0.0981,8.8167,0.1827,0.0283
7.2790,-11.6853,8.9055,-0.0976,8.8187,0.1886,0.0283
7.2800,-11.6815,8.8779,-0.0970,8.8208,0.1944,0.0284
7.2810,-11.6776,8.8505,-0.0965,8.8229,0.2003,0.0284
7.2820,-11.6737,8.8231,-0.0959,8.8249,0.2062,0.0285
7.2830,-11.6699,8.7957,-0.0954,8.8270,0.2120,0.0285
7.2840,-11.6660,8.7684,-0.0949,8.8291,0.2178,0.0285
7.2850,-11.6622,8.7412,-0.0944,8.8312,0.2237,0.0286
7.2860,-11.6584,8.7141,-0.0939,8.8332,0.2295,0.0286
7.2870,-11.6546,8.6869,-0.0933,8.8353,0.2353,0.0287
7.2880,-11.6509,8.6599,-0.0928,8.8374,0.2411,0.0287
7.2890,-11.6471,8.6329,-0.0923,8.8395,0.2468,0.0288
7.2900,-11.6434,8.6060,-0.0919,8.8416,0.2526,0.0288
7.2910,-11.6396,8.5791,-0.0914,8.8437,0.2584,0.0289
7.2920,-11.6359,8.5523,-0.0909,8.8458,0.2641,0.0289
7.2930,-11.6322,8.5255,-0.0904,8.8478,0.2698,0.0290
7.2940,-11.6286,8.4989,-0.0899,8.8499,0.2756,0.0290
7.2950,-11.6249,8.4722,-0.0895,8.8520,0.2813,0.0291
7.2960,-11.6212,8.4456,-0.0890,8.8541,0.2870,0.0291
7.2970,-11.6176,8.4191,-0.0885,8.8562,0.2927,0.0292
7.2980,-11.6140,8.3927,-0.0881,8.8583,0.2983,0.0292
7.2990,-11.6104,8.3663,-0.0876,8.8604,0.3040,0.0293
7.3000,-11.6068,8.3399,-0.0872,8.8625,0.3097,0.0293
7.3010,-11.6032,8.3136,-0.0868,8.8646,0.3153,0.0294
7.3020,-11.5997,8.2874,-0.0863,8.8667,0.3209,0.0295
7.3030,-11.5961,8.2612,-0.0859,8.8689,0.3266,0.0295
7.3040,-11.5926,8.2351,-0.0855,8.8710,0.3322,0.0296
7.3050,-11.5891,8.2090,-0.0850,8.8731,0.3378,0.0296
7.3060,-11.5856,8.1830,-0.0846,8.8752,0.3434,0.0297
7.3070,-11.5821,8.1571,-0.0842,8.8773,0.3489,0.0297
7.3080,-11.5786,8.1312,-0.0838,8.8794,0.3545,0.0298
7.3090,-11.5752,8.1054,-0.0834,8.8815,0.3601,0.0298
7.3100,-11.5718,8.0796,-0.0830,8.8837,0.3656,0.0299
7.3110,-11.5683,8.0539,-0.0826,8.8858,0.3711,0.0300
7.3120,-11.5649,8.0282,-0.0822,8.8879,0.3767,0.0300
7.3130,-11.5615,8.0026,-0.0818,8.8900,0.3822,0.0301
7.3140,-11.5581,7.9770,-0.0814,8.8922,0.3877,0.0301
7.3150,-11.5548,7.9515,-0.0811,8.8943,0.3932,0.0302
7.3160,-11.5514,7.9261,-0.0807,8.8964,0.3987,0.0303
7.3170,-11.5481,7.9007,-0.0803,8.8986,0.4041,0.0303
7.3180,-11.5448,7.8754,-0.0799,8.9007,0.4096,0.0304
7.3190,-11.5415,7.8501,-0.0796,8.9028,0.4150,0.0304
7.3200,-11.5382,7.8249,-0.0792,8.9050,0.4205,0.0305
7.3210,-11.5349,7.7997,-0.0789,8.9071,0.4259,0.0306
7.3220,-11.5316,7.7746,-0.0785,8.9093,0.4313,0.0306
7.3230,-11.5284,7.7496,-0.0782,8.9114,0.4367,0.0307
7.3240,-11.5251,7.7246,-0.0778,8.9136,0.4421,0.0307
7.3250,-11.5219,7.6996,-0.0775,8.9157,0.4475,0.0308
7.3260,-11.5187,7.6747,-0.0772,8.9179,0.4529,0.0309
7.3270,-11.5155,7.6499,-0.0768,8.9200,0.4583,0.0309
7.3280,-11.5123,7.6251,-0.0765,8.9222,0.4636,0.0310
7.3290,-11.5092,7.6004,-0.0762,8.9243,0.4690,0.0311
7.3300,-11.5060,7.5757,-0.0758,8.9265,0.4743,0.0311
7.3310,-11.5029,7.5511,-0.0755,8.9286,0.4796,0.0312
7.3320,-11.4998,7.5265,-0.0752,8.9308,0.4849,0.0313
7.3330,-11.4966,7.5020,-0.0749,8.9330,0.4902,0.0313
7.3340,-11.4935,7.4776,-0.0746,8.9351,0.4955,0.0314
7.3350,-11.4905,7.4531,-0.0743,8.9373,0.5008,0.0314
7.3360,-11.4874,7.4288,-0.0740,8.9394,0.5061,0.0315
7.3370,-11.4843,7.4045,-0.0737,8.9416,0.5114,0.0316
7.3380,-11.4813,7.3802,-0.0734,8.9438,0.5166,0.0316
7.3390,-11.4783,7.3561,-0.0731,8.9460,0.5219,0.0317
7.3400,-11.4753,7.3319,-0.0728,8.9481,0.5271,0.0318
7.3410,-11.4723,7.3078,-0.0725,8.9503,0.5323,0.0318
7.3420,-11.4693,7.2838,-0.0723,8.9525,0.5375,0.0319
7.3430,-11.4663,7.2598,-0.0720,8.9547,0.5427,0.0320
7.3440,-11.4634,7.2359,-0.0717,8.9568,0.5479,0.0320
7.3450,-11.4604,7.2120,-0.0715,8.9590,0.5531,0.0321
7.3460,-11.4575,7.1882,-0.0712,8.9612,0.5583,0.0322
7.3470,-11.4546,7.1644,-0.0709,8.9634,0.5635,0.0323
7.3480,-11.4517,7.1407,-0.0707,8.9656,0.5686,0.0323
7.3490,-11.4488,7.1170,-0.0704,8.9678,0.5738,0.0324
7.3500,-11.4459,7.0934,-0.0701,8.9700,0.5789,0.0325
7.3510,-11.4430,7.0698,-0.0699,8.9721,0.5840,0.0325
7.3520,-11.4402,7.0463,-0.0697,8.9743,0.5891,0.0326
7.3530,-11.4374,7.0228,-0.0694,8.9765,0.5942,0.0327
7.3540,-11.4345,6.9994,-0.0692,8.9787,0.5993,0.0327
7.3550,-11.4317,6.9760,-0.0689,8.9809,0.6044,0.0328
7.3560,-11.4289,6.9527,-0.0687,8.9831,0.6095,0.0329
7.3570,-11.4261,6.9294,-0.0685,8.9853,0.6146,0.0330
7.3580,-11.4234,6.9062,-0.0682,8.9875,0.6196,0.0330
7.3590,-11.4206,6.8831,-0.0680,8.9897,0.6247,0.0331
7.3600,-11.4179,6.8599,-0.0678,8.9919,0.6297,0.0332
7.3610,-11.4151,6.8369,-0.0676,8.9942,0.6347,0.0332
7.3620,-11.4124,6.8139,-0.0673,8.9964,0.6398,0.0333
7.3630,-11.4097,6.7909,-0.0671,8.9986,0.6448,0.0334
7.3640,-11.4070,6.7680,-0.0669,9.0008,0.6498,0.0335
7.3650,-11.4044,6.7451,-0.0667,9.0030,0.6547,0.0335
7.3660,-11.4017,6.7223,-0.0665,9.0052,0.6597,0.0336
7.3670,-11.3990,6.6996,-0.0663,9.0074,0.6647,0.0337
7.3680,-11.3964,6.6768,-0.0661,9.0097,0.6697,0.0337
7.3690,-11.3938,6.6542,-0.0659,9.0119,0.6746,0.0338
7.3700,-11.3912,6.6316,-0.0657,9.0141,0.6796,0.0339
7.3710,-11.3886,6.6090,-0.0655,9.0163,0.6845,0.0340
7.3720,-11.3860,6.5865,-0.0653,9.0186,0.6894,0.0340
7.3730,-11.3834,6.5640,-0.0651,9.0208,0.6943,0.0341
7.3740,-11.3809,6.5416,-0.0649,9.0230,0.6992,0.0342
7.3750,-11.3783,6.5192,-0.0647,9.0252,0.7041,0.0343
7.3760,-11.3758,6.4969,-0.0646,9.0275,0.7090,0.0343
7.3770,-11.3732,6.4746,-0.0644,9.0297,0.7139,0.0344
7.3780,-11.3707,6.4524,-0.0642,9.0319,0.7188,0.0345
7.3790,-11.3682,6.4302,-0.0640,9.0342,0.7236,0.0346
7.3800,-11.3658,6.4081,-0.0638,9.0364,0.7285,0.0346
7.3810,-11.3633,6.3860,-0.0637,9.0387,0.7333,0.0347
7.3820,-11.3608,6.3640,-0.0635,9.0409,0.7381,0.0348
7.3830,-11.3584,6.3420,-0.0633,9.0431,0.7430,0.0349
7.3840,-11.3559,6.3200,-0.0632,9.0454,0.7478,0.0349
7.3850,-11.3535,6.2981,-0.0630,9.0476,0.7526,0.0350
7.3860,-11.3511,6.2763,-0.0629,9.0499,0.7574,0.0351
7.3870,-11.3487,6.2545,-0.0627,9.0521,0.7622,0.0352
7.3880,-11.3463,6.2328,-0.0626,9.0544,0.7669,0.0352
7.3890,-11.3440,6.2111,-0.0624,9.0566,0.7717,0.0353
7.3900,-11.3416,6.1894,-0.0623,9.0589,0.7765,0.0354
7.3910,-11.3393,6.1678,-0.0621,9.0611,0.7812,0.0355
7.3920,-11.3369,6.1462,-0.0620,9.0634,0.7860,0.0355
7.3930,-11.3346,6.1247,-0.0618,9.0657,0.7907,0.0356
7.3940,-11.3323,6.1033,-0.0617,9.0679,0.7954,0.0357
7.3950,-11.3300,6.0818,-0.0615,9.0702,0.8001,0.0358
7.3960,-11.3277,6.0605,-0.0614,9.0725,0.8048,0.0358
7.3970,-11.3254,6.0391,-0.0613,9.0747,0.8095,0.0359
7.3980,-11.3232,6.0178,-0.0611,9.0770,0.8142,0.0360
7.3990,-11.3209,5.9966,-0.0610,9.0793,0.8189,0.0361
7.4000,-11.3187,5.9754,-0.0609,9.0815,0.8236,0.0362
7.4010,-11.3165,5.9543,-0.0608,9.0838,0.8282,0.0362
7.4020,-11.3143,5.9332,-0.0606,9.0861,0.8329,0.0363
7.4030,-11.3121,5.9121,-0.0605,9.0883,0.8375,0.0364
7.4040,-11.3099,5.8911,-0.0604,9.0906,0.8422,0.0365
7.4050,-11.3077,5.8701,-0.0603,9.0929,0.8468,0.0365
7.4060,-11.3055,5.8492,-0.0602,9.0952,0.8514,0.0366
7.4070,-11.3034,5.8284,-0.0600,9.0975,0.8560,0.0367
7.4080,-11.3012,5.8075,-0.0599,9.0997,0.8606,0.0368
7.4090,-11.2991,5.7867,-0.0598,9.1020,0.8652,0.0369
7.4100,-11.2970,5.7660,-0.0597,9.1043,0.8698,0.0369
7.4110,-11.2949,5.7453,-0.0596,9.1066,0.8744,0.0370
7.4120,-11.2928,5.7247,-0.0595,9.1089,0.8789,0.0371
7.4130,-11.2907,5.7041,-0.0594,9.1112,0.8835,0.0372
7.4140,-11.2886,5.6835,-0.0593,9.1135,0.8881,0.0373
7.4150,-11.2866,5.6630,-0.0592,9.1158,0.8926,0.0373
7.4160,-11.2845,5.6425,-0.0591,9.1180,0.8971,0.0374
7.4170,-11.2825,5.6221,-0.0590,9.1203,0.9017,0.0375
7.4180,-11.2805,5.6017,-0.0589,9.1226,0.9062,0.0376
7.4190,-11.2785,5.5814,-0.0588,9.1249,0.9107,0.0376
7.4200,-11.2765,5.5611,-0.0587,9.1272,0.9152,0.0377
7.4210,-11.2745,5.5408,-0.0586,9.1295,0.9197,0.0378
7.4220,-11.2725,5.5206,-0.0586,9.1318,0.9242,0.0379
7.4230,-11.2705,5.5005,-0.0585,9.1342,0.9286,0.0380
7.4240,-11.2686,5.4804,-0.0584,9.1365,0.9331,0.0380
7.4250,-11.2666,5.4603,-0.0583,9.1388,0.9375,0.0381
7.4260,-11.2647,5.4402,-0.0582,9.1411,0.9420,0.0382
7.4270,-11.2628,5.4203,-0.0582,9.1434,0.9464,0.0383
7.4280,-11.2609,5.4003,-0.0581,9.1457,0.9509,0.0384
7.4290,-11.2590,5.3804,-0.0580,9.1480,0.9553,0.0384
7.4300,-11.2571,5.3605,-0.0579,9.1503,0.9597,0.0385
7.4310,-11.2552,5.3407,-0.0579,9.1526,0.9641,0.0386
7.4320,-11.2534,5.3210,-0.0578,9.1550,0.9685,0.0387
7.4330,-11.2515,5.3012,-0.0577,9.1573,0.9729,0.0388
7.4340,-11.2497,5.2815,-0.0576,9.1596,0.9773,0.0388
7.4350,-11.2478,5.2619,-0.0576,9.1619,0.9817,0.0389
7.4360,-11.2460,5.2423,-0.0575,9.1642,0.9860,0.0390
7.4370,-11.2442,5.2227,-0.0575,9.1666,0.9904,0.0391
7.4380,-11.2424,5.2032,-0.0574,9.1689,0.9948,0.0392
7.4390,-11.2406,5.1837,-0.0573,9.1712,0.9991,0.0392
7.4400,-11.2389,5.1643,-0.0573,9.1736,1.0034,0.0393
7.4410,-11.2371,5.1449,-0.0572,9.1759,1.0078,0.0394
7.4420,-11.2354,5.1255,-0.0572,9.1782,1.0121,0.0395
7.4430,-11.2336,5.1062,-0.0571,9.1806,1.0164,0.0396
7.4440,-11.2319,5.0870,-0.0571,9.1829,1.0207,0.0396
7.4450,-11.2302,5.0677,-0.0570,9.1852,1.0250,0.0397
7.4460,-11.2285,5.0486,-0.0569,9.1876,1.0293,0.0398
7.4470,-11.2268,5.0294,-0.0569,9.1899,1.0336,0.0399
7.4480,-11.2251,5.0103,-0.0569,9.1922,1.0378,0.0400
7.4490,-11.2234,4.9912,-0.0568,9.1946,1.0421,0.0400
7.4500,-11.2218,4.9722,-0.0568,9.1969,1.0464,0.0401
7.4510,-11.2201,4.9532,-0.0567,9.1993,1.0506,0.0402
7.4520,-11.2185,4.9343,-0.0567,9.2016,1.0548,0.0403
7.4530,-11.2168,4.9154,-0.0566,9.2040,1.0591,0.0404
7.4540,-11.2152,4.8965,-0.0566,9.2063,1.0633,0.0405
7.4550,-11.2136,4.8777,-0.0566,9.2087,1.0675,0.0405
7.4560,-11.2120,4.8589,-0.0565,9.2110,1.0717,0.0406
7.4570,-11.2104,4.8402,-0.0565,9.2134,1.0759,0.0407
7.4580,-11.2088,4.8215,-0.0564,9.2157,1.0801,0.0408
7.4590,-11.2073,4.8029,-0.0564,9.2181,1.0843,0.0409
7.4600,-11.2057,4.7842,-0.0564,9.2205,1.0885,0.0409
7.4610,-11.2042,4.7657,-0.0564,9.2228,1.0927,0.0410
7.4620,-11.2027,4.7471,-0.0563,9.2252,1.0968,0.0411
7.4630,-11.2011,4.7286,-0.0563,9.2275,1.1010,0.0412
7.4640,-11.1996,4.7102,-0.0563,9.2299,1.1051,0.0413
7.4650,-11.1981,4.6918,-0.0562,9.2323,1.1093,0.0413
7.4660,-11.1966,4.6734,-0.0562,9.2346,1.1134,0.0414
7.4670,-11.1951,4.6550,-0.0562,9.2370,1.1175,0.0415
7.4680,-11.1937,4.6367,-0.0562,9.2394,1.1217,0.0416
7.4690,-11.1922,4.6185,-0.0561,9.2417,1.1258,0.0417
7.4700,-11.1908,4.6003,-0.0561,9.2441,1.1299,0.0417
7.4710,-11.1893,4.5821,-0.0561,9.2465,1.1340,0.0418
7.4720,-11.1879,4.5639,-0.0561,9.2489,1.1381,0.0419
7.4730,-11.1865,4.5458,-0.0561,9.2512,1.1421,0.0420
7.4740,-11.1851,4.5278,-0.0561,9.2536,1.1462,0.0421
7.4750,-11.1837,4.5097,-0.0560,9.2560,1.1503,0.0422
7.4760,-11.1823,4.4917,-0.0560,9.2584,1.1543,0.0422
7.4770,-11.1809,4.4738,-0.0560,9.2608,1.1584,0.0423
7.4780,-11.1795,4.4559,-0.0560,9.2632,1.1624,0.0424
7.4790,-11.1782,4.4380,-0.0560,9.2655,1.1665,0.0425
7.4800,-11.1768,4.4202,-0.0560,9.2679,1.1705,0.0426
7.4810,-11.1755,4.4024,-0.0560,9.2703,1.1745,0.0426
7.4820,-11.1742,4.3846,-0.0560,9.2727,1.1785,0.0427
7.4830,-11.1729,4.3669,-0.0560,9.2751,1.1826,0.0428
7.4840,-11.1716,4.3492,-0.0560,9.2775,1.1866,0.0429
7.4850,-11.1703,4.3316,-0.0559,9.2799,1.1906,0.0430
7.4860,-11.1690,4.3140,-0.0559,9.2823,1.1945,0.0430
7.4870,-11.1677,4.2964,-0.0559,9.2847,1.1985,0.0431
7.4880,-11.1664,4.2789,-0.0559,9.2871,1.2025,0.0432
7.4890,-11.1652,4.2614,-0.0559,9.2895,1.2065,0.0433
7.4900,-11.1639,4.2439,-0.0559,9.2919,1.2104,0.0434
7.4910,-11.1627,4.2265,-0.0559,9.2943,1.2144,0.0434
7.4920,-11.1615,4.2091,-0.0559,9.2967,1.2183,0.0435
7.4930,-11.1603,4.1918,-0.0559,9.2991,1.2222,0.0436
7.4940,-11.1591,4.1745,-0.0559,9.3015,1.2262,0.0437
7.4950,-11.1579,4.1572,-0.0559,9.3039,1.2301,0.0438
7.4960,-11.1567,4.1400,-0.0560,9.3063,1.2340,0.0439
7.4970,-11.1555,4.1228,-0.0560,9.3087,1.2379,0.0439
7.4980,-11.1543,4.1056,-0.0560,9.3111,1.2418,0.0440
7.4990,-11.1532,4.0885,-0.0560,9.3135,1.2457,0.0441
7.5000,-11.1520,4.0714,-0.0560,9.3159,1.2496,0.0442
7.5010,-11.1509,4.0544,-0.0560,9.3184,1.2535,0.0443
7.5020,-11.1498,4.0373,-0.0560,9.3208,1.2574,0.0443
7.5030,-11.1487,4.0204,-0.0560,9.3232,1.2612,0.0444
7.5040,-11.1476,4.0034,-0.0560,9.3256,1.2651,0.0445
7.5050,-11.1465,3.9865,-0.0560,9.3280,1.2689,0.0446
7.5060,-11.1454,3.9697,-0.0561,9.3305,1.2728,0.0447
7.5070,-11.1443,3.9528,-0.0561,9.3329,1.2766,0.0447
7.5080,-11.1432,3.9360,-0.0561,9.3353,1.2805,0.0448
7.5090,-11.1422,3.9193,-0.0561,9.3377,1.2843,0.0449
7.5100,-11.1411,3.9025,-0.0561,9.3402,1.2881,0.0450
7.5110,-11.1401,3.8859,-0.0561,9.3426,1.2919,0.0451
7.5120,-11.1390,3.8692,-0.0561,9.3450,1.2957,0.0451
7.5130,-11.1380,3.8526,-0.0562,9.3474,1.2995,0.0452
7.5140,-11.1370,3.8360,-0.0562,9.3499,1.3033,0.0453
7.5150,-11.1360,3.8194,-0.0562,9.3523,1.3071,0.0454
7.5160,-11.1350,3.8029,-0.0562,9.3547,1.3109,0.0455
7.5170,-11.1340,3.7865,-0.0562,9.3572,1.3147,0.0455
7.5180,-11.1331,3.7700,-0.0563,9.3596,1.3184,0.0456
7.5190,-11.1321,3.7536,-0.0563,9.3621,1.3222,0.0457
7.5200,-11.1312,3.7372,-0.0563,9.3645,1.3259,0.0458
7.5210,-11.1302,3.7209,-0.0563,9.3669,1.3297,0.0459
7.5220,-11.1293,3.7046,-0.0564,9.3694,1.3334,0.0459
7.5230,-11.1283,3.6883,-0.0564,9.3718,1.3371,0.0460
7.5240,-11.1274,3.6721,-0.0564,9.3743,1.3409,0.0461
7.5250,-11.1265,3.6559,-0.0564,9.3767,1.3446,0.0462
7.5260,-11.1256,3.6397,-0.0565,9.3792,1.3483,0.0463
7.5270,-11.1247,3.6236,-0.0565,9.3816,1.3520,0.0463
7.5280,-11.1239,3.6075,-0.0565,9.3841,1.3557,0.0464
7.5290,-11.1230,3.5915,-0.0566,9.3865,1.3594,0.0465
7.5300,-11.1221,3.5754,-0.0566,9.3890,1.3631,0.0466
7.5310,-11.1213,3.5594,-0.0566,9.3914,1.3668,0.0467
7.5320,-11.1204,3.5435,-0.0567,9.3939,1.3704,0.0467
7.5330,-11.1196,3.5276,-0.0567,9.3963,1.3741,0.0468
7.5340,-11.1188,3.5117,-0.0567,9.3988,1.3778,0.0469
7.5350,-11.1180,3.4958,-0.0568,9.4013,1.3814,0.0470
7.5360,-11.1172,3.4800,-0.0568,9.4037,1.3851,0.0471
7.5370,-11.1164,3.4642,-0.0568,9.4062,1.3887,0.0471
7.5380,-11.1156,3.4484,-0.0569,9.4087,1.3924,0.0472
7.5390,-11.1148,3.4327,-0.0569,9.4111,1.3960,0.0473
7.5400,-11.1140,3.4170,-0.0569,9.4136,1.3996,0.0474
7.5410,-11.1133,3.4014,-0.0570,9.4161,1.4032,0.0475
7.5420,-11.1125,3.3857,-0.0570,9.4185,1.4068,0.0475
7.5430,-11.1118,3.3702,-0.0570,9.4210,1.4104,0.0476
7.5440,-11.1110,3.3546,-0.0571,9.4235,1.4140,0.0477
7.5450,-11.1103,3.3391,-0.0571,9.4259,1.4176,0.0478
7.5460,-11.1096,3.3236,-0.0572,9.4284,1.4212,0.0479
7.5470,-11.1089,3.3081,-0.0572,9.4309,1.4248,0.0479
7.5480,-11.1082,3.2927,-0.0572,9.4334,1.4284,0.0480
7.5490,-11.1075,3.2773,-0.0573,9.4358,1.4319,0.0481
7.5500,-11.1068,3.2620,-0.0573,9.4383,1.4355,0.0482
7.5510,-11.1061,3.2466,-0.0574,9.4408,1.4390,0.0483
7.5520,-11.1055,3.2313,-0.0574,9.4433,1.4426,0.0483
7.5530,-11.1048,3.2161,-0.0575,9.4458,1.4461,0.0484
7.5540,-11.1042,3.2008,-0.0575,9.4483,1.4497,0.0485
7.5550,-11.1035,3.1856,-0.0575,9.4507,1.4532,0.0486
7.5560,-11.1029,3.1705,-0.0576,9.4532,1.4567,0.0486
7.5570,-11.1023,3.1553,-0.0576,9.4557,1.4602,0.0487
7.5580,-11.1017,3.1402,-0.0577,9.4582,1.4637,0.0488
7.5590,-11.1011,3.1252,-0.0577,9.4607,1.4672,0.0489
7.5600,-11.1005,3.1101,-0.0578,9.4632,1.4707,0.0490
7.5610,-11.0999,3.0951,-0.0578,9.4657,1.4742,0.0490
7.5620,-11.0993,3.0802,-0.0579,9.4682,1.4777,0.0491
7.5630,-11.0988,3.0652,-0.0579,9.4707,1.4812,0.0492
7.5640,-11.0982,3.0503,-0.0580,9.4732,1.4847,0.0493
7.5650,-11.0976,3.0354,-0.0580,9.4757,1.4881,0.0494
7.5660,-11.0971,3.0206,-0.0581,9.4782,1.4916,0.0494
7.5670,-11.0966,3.0058,-0.0581,9.4807,1.4951,0.0495
7.5680,-11.0960,2.9910,-0.0582,9.4832,1.4985,0.0496
7.5690,-11.0955,2.9762,-0.0582,9.4857,1.5020,0.0497
7.5700,-11.0950,2.9615,-0.0583,9.4882,1.5054,0.0497
7.5710,-11.0945,2.9468,-0.0583,9.4907,1.5088,0.0498
7.5720,-11.0940,2.9322,-0.0584,9.4932,1.5123,0.0499
7.5730,-11.0935,2.9175,-0.0584,9.4957,1.5157,0.0500
7.5740,-11.0931,2.9029,-0.0585,9.4982,1.5191,0.0501
7.5750,-11.0926,2.8884,-0.0585,9.5007,1.5225,0.0501
7.5760,-11.0921,2.8738,-0.0586,9.5032,1.5259,0.0502
7.5770,-11.0917,2.8593,-0.0586,9.5058,1.5293,0.0503
7.5780,-11.0913,2.8448,-0.0587,9.5083,1.5327,0.0504
7.5790,-11.0908,2.8304,-0.0588,9.5108,1.5361,0.0504
7.5800,-11.0904,2.8160,-0.0588,9.5133,1.5395,0.0505
7.5810,-11.0900,2.8016,-0.0589,9.5158,1.5428,0.0506
7.5820,-11.0896,2.7872,-0.0589,9.5183,1.5462,0.0507
7.5830,-11.0892,2.7729,-0.0590,9.5209,1.5496,0.0507
7.5840,-11.0888,2.7586,-0.0590,9.5234,1.5529,0.0508
7.5850,-11.0884,2.7444,-0.0591,9.5259,1.5563,0.0509
7.5860,-11.0880,2.7301,-0.0592,9.5284,1.5596,0.0510
7.5870,-11.0877,2.7159,-0.0592,9.5310,1.5630,0.0511
7.5880,-11.0873,2.7018,-0.0593,9.5335,1.5663,0.0511
7.5890,-11.0870,2.6876,-0.0593,9.5360,1.5696,0.0512
7.5900,-11.0866,2.6735,-0.0594,9.5385,1.5730,0.0513
7.5910,-11.0863,2.6594,-0.0594,9.5411,1.5763,0.0514
7.5920,-11.0860,2.6454,-0.0595,9.5436,1.5796,0.0514
7.5930,-11.0856,2.6313,-0.0596,9.5461,1.5829,0.0515
7.5940,-11.0853,2.6173,-0.0596,9.5487,1.5862,0.0516
7.5950,-11.0850,2.6034,-0.0597,9.5512,1.5895,0.0517
7.5960,-11.0847,2.5894,-0.0597,9.5538,1.5928,0.0517
7.5970,-11.0844,2.5755,-0.0598,9.5563,1.5961,0.0518
7.5980,-11.0842,2.5617,-0.0599,9.5588,1.5993,0.0519
7.5990,-11.0839,2.5478,-0.0599,9.5614,1.6026,0.0520
7.6000,-11.0836,2.5340,-0.0600,9.5639,1.6059,0.0520
7.6010,-11.0834,2.5202,-0.0601,9.5665,1.6091,0.0521
7.6020,-11.0831,2.5064,-0.0601,9.5690,1.6124,0.0522
7.6030,-11.0829,2.4927,-0.0602,9.5715,1.6157,0.0523
7.6040,-11.0827,2.4790,-0.0602,9.5741,1.6189,0.0524
7.6050,-11.0824,2.4653,-0.0603,9.5766,1.6221,0.0524
7.6060,-11.0822,2.4517,-0.0604,9.5792,1.6254,0.0525
7.6070,-11.0820,2.4381,-0.0604,9.5817,1.6286,0.0526
7.6080,-11.0818,2.4245,-0.0605,9.5843,1.6318,0.0527
7.6090,-11.0816,2.4109,-0.0606,9.5868,1.6350,0.0527
7.6100,-11.0814,2.3974,-0.0606,9.5894,1.6383,0.0528
7.6110,-11.0813,2.3839,-0.0607,9.5920,1.6415,0.0529
7.6120,-11.0811,2.3704,-0.0608,9.5945,1.6447,0.0530
7.6130,-11.0809,2.3570,-0.0608,9.5971,1.6479,0.0530
7.6140,-11.0808,2.3435,-0.0609,9.5996,1.6511,0.0531
7.6150,-11.0806,2.3302,-0.0610,9.6022,1.6542,0.0532
7.6160,-11.0805,2.3168,-0.0610,9.6047,1.6574,0.0533
7.6170,-11.0804,2.3035,-0.0611,9.6073,1.6606,0.0533
7.6180,-11.0803,2.2902,-0.0612,9.6099,1.6638,0.0534
7.6190,-11.0801,2.2769,-0.0612,9.6124,1.6669,0.0535
7.6200,-11.0800,2.2636,-0.0613,9.6150,1.6701,0.0536
7.6210,-11.0799,2.2504,-0.0614,9.6176,1.6733,0.0536
7.6220,-11.0799,2.2372,-0.0614,9.6201,1.6764,0.0537
7.6230,-11.0798,2.2240,-0.0615,9.6227,1.6796,0.0538
7.6240,-11.0797,2.2109,-0.0616,9.6253,1.6827,0.0539
7.6250,-11.0796,2.1978,-0.0616,9.6279,1.6858,0.0539
7.6260,-11.0796,2.1847,-0.0617,9.6304,1.6890,0.0540
7.6270,-11.0795,2.1716,-0.0618,9.6330,1.6921,0.0541
7.6280,-11.0795,2.1586,-0.0618,9.6356,1.6952,0.0542
7.6290,-11.0794,2.1456,-0.0619,9.6382,1.6983,0.0542
7.6300,-11.0794,2.1326,-0.0620,9.6407,1.7014,0.0543
7.6310,-11.0794,2.1197,-0.0621,9.6433,1.7045,0.0544
7.6320,-11.0794,2.1068,-0.0621,9.6459,1.7076,0.0544
7.6330,-11.0793,2.0939,-0.0622,9.6485,1.7107,0.0545
7.6340,-11.0793,2.0810,-0.0623,9.6511,1.7138,0.0546
7.6350,-11.0794,2.0682,-0.0623,9.6536,1.7169,0.0547
7.6360,-11.0794,2.0553,-0.0624,9.6562,1.7200,0.0547
7.6370,-11.0794,2.0426,-0.0625,9.6588,1.7230,0.0548
7.6380,-11.0794,2.0298,-0.0626,9.6614,1.7261,0.0549
7.6390,-11.0795,2.0171,-0.0626,9.6640,1.7292,0.0550
7.6400,-11.0795,2.0044,-0.0627,9.6666,1.7322,0.0550
7.6410,-11.0795,1.9917,-0.0628,9.6692,1.7353,0.0551
7.6420,-11.0796,1.9790,-0.0628,9.6718,1.7383,0.0552
7.6430,-11.0797,1.9664,-0.0629,9.6744,1.7414,0.0553
7.6440,-11.0797,1.9538,-0.0630,9.6769,1.7444,0.0553
7.6450,-11.0798,1.9412,-0.0631,9.6795,1.7474,0.0554
7.6460,-11.0799,1.9287,-0.0631,9.6821,1.7505,0.0555
7.6470,-11.0800,1.9161,-0.0632,9.6847,1.7535,0.0555
7.6480,-11.0801,1.9036,-0.0633,9.6873,1.7565,0.0556
7.6490,-11.0802,1.8912,-0.0634,9.6899,1.7595,0.0557
7.6500,-11.0803,1.8787,-0.0634,9.6925,1.7625,0.0558
7.6510,-11.0805,1.8663,-0.0635,9.6951,1.7655,0.0558
